"id","task","drv_percentage","pupil_raw","pupil_z","pupil_change","fix_count","fix_dur","switch_count","grid_transition","entropy_log2","spatial_density","drv_scanpath_len","drv_saccade_len","drv_convex_hull","drv_fix_count","drv_fix_dur","drv_grid_transition","drv_entropy_log2","drv_spatial_density","drv_NNI"
"02","D",0.095554777738887,3.13384634231712,-0.309978331929058,-0.0174802938689989,41,23.863009,9,24,5.94995665211139,0.0107542438271605,1649.95849147638,49.9987421659508,51220.5,34,21.939531,39.0479876160991,6.53321437085799,0.0346137152777778,704.539189120665
"02","J",1,5.12057853223594,10.7355248999937,0.605397573830399,100,12.442591,0,56.5666666666667,8.99694938703445,0.0398341049382716,0,0,0,0,0,0,0,0,0
"02","M",0.945039751123401,3.85532803318355,3.70119558908336,0.208717771210623,35,24.544459,5,24.1333333333333,7.20436854983961,0.0183256172839506,317.830400241512,105.943466747171,10023.5,4,1.051882,61.6352201257862,5.44960763916108,0.00792100694444444,88.2651108644754
"02","P",1,3.74389308600337,3.08165810160849,0.173780821661516,113,19.515329,0,42.1333333333333,8.27285113856107,0.0248360339506173,0,0,0,0,0,0,0,0,0
"02","W",0.962447844228095,4.15026495132128,5.34093681793856,0.301186036237813,46,25.205796,2,20.9333333333333,6.97065317478981,0.0139371141975309,0,0,0,1,0.851546999999999,58.3333333333333,4.96435802333767,0.00531684027777778,60.1253022707319
"03","D",0.015818431911967,3.5013280605227,-1.56266154617184,-0.0896657608262619,24,27.409946,3,14.1,4.21619305245188,0.00597993827160494,1940.21067357572,88.1913942534419,27968,23,27.289728,30.5730258560447,5.7585966713976,0.0266927083333333,579.547936065162
"03","J",0.920422535211268,4.32470985915493,2.16818703232029,0.124410906726987,72,7.79406,2,63.3666666666667,8.64354360511324,0.0314911265432099,21.1896201004171,21.1896201004171,0,2,0.180349999999999,87.6106194690266,6.94427078994527,0.0159505208333333,138.523905978611
"03","M",0.577615571776156,4.54252652068126,3.15514227395589,0.181042550898124,32,5.099232,5,50.0333333333333,9.43205298557915,0.0478395061728395,2011.78526700461,74.510565444615,68275,28,4.758596,65.7834101382489,7.68550761496312,0.0352647569444444,416.5411915258
"03","P",0.985634477254589,3.65895690343176,-0.84842503344644,-0.0486827594333444,52,4.60906999999998,0,60.3666666666667,9.21149034821951,0.0403645833333333,0,0,0,0,0,91.6666666666667,4.92673368193777,0.00347222222222222,41.1484491987943
"03","W",0.647893030794165,3.82153808752026,-0.111748827397517,-0.00641216497237536,79,7.72421799999999,6,53.9333333333333,8.88676554835008,0.0360243055555556,3622.53218881664,120.751072960555,83866.5,31,3.12569299999999,79.5166858457998,8.53476977502431,0.0529513888888889,453.435606710912
"04","D",0.0821174075330845,3.15913403461147,0.670078576579409,0.0529216640836893,39,26.217651,9,15.7333333333333,5.2202592023567,0.0100790895061728,3585.97422317882,108.665885550873,62206,34,24.854992,24.4731977818854,6.28114624970682,0.0317925347222222,510.665639909539
"04","J",0.891280947255113,4.93158127018299,8.1499402392234,0.643668391614681,74,21.689056,6,27,7.98121169627637,0.027440200617284,237.783952656946,59.4459881642366,1402.5,5,2.324209,39.2739273927393,4.99597288826018,0.0115017361111111,134.060063307445
"04","M",0.645235892691952,4.16528677150786,4.9161193796214,0.388266730943317,38,18.092788,8,18,7.18469067760947,0.0150462962962963,717.127484915771,71.7127484915771,11099.5,11,6.85239,40.6779661016949,6.10052292818144,0.0171440972222222,319.382360554751
"04","P",0.904070796460177,4.79271044247788,7.56389482169863,0.597383523230508,73,23.452716,5,21,7.37799797291622,0.0190489969135802,132.640907494416,44.2136358314721,482,4,1.582852,45.3874538745387,5.46821838295651,0.0110677083333333,160.312351949194
"04","W",0.791304347826087,4.29348405797101,5.45712164418896,0.430994167865884,51,18.213197,6,27.8,7.88738849820918,0.0250771604938272,1086.75047654209,155.250068077442,37967,8,2.454377,57.3412698412698,7.01752611690165,0.0230034722222222,220.971745368037
"05","D",0.116467276565799,2.77370478536242,0.0536807135500729,0.00297665176736291,42,23.723233,8,24.4333333333333,6.76724351969655,0.0186631944444444,4395.82874983598,146.527624994533,66940,31,19.81607,33.1342094782955,7.03698560467366,0.0394965277777778,847.468966338961
"05","J",0.807065217391304,3.18517934782609,2.7369473409266,0.151766595500803,90,19.845813,5,37.1,8.78537920290456,0.039014274691358,425.022343966233,47.224704885137,3973,10,3.957116,49.6478873239437,6.57169123778163,0.0171440972222222,233.609864870015
"05","M",1,3.13138162782844,2.38612704760315,0.132313242944788,73,21.539147,0,28.6333333333333,7.66512187842356,0.0231963734567901,0,0,0,0,0,0,0,0,0
"05","P",0.984100135317997,2.83054736129905,0.424356815887137,0.0235310297212178,97,23.472302,0,26.9666666666667,8.1907555699651,0.0243055555555556,0,0,0,0,0,78.7234042553192,4.51992522437784,0.0029296875,53.9268947058065
"05","W",1,3.13959878213802,2.43971192973755,0.135284580759821,68,24.203996,0,21.6333333333333,7.32968581185565,0.0166859567901235,0,0,0,0,0,0,0,0,0
"06","D",0.0401785714285714,2.98211847527473,0.426006345707487,0.027311421604164,26,25.996987,3,16.6,5.11940028142331,0.00896990740740741,888.034078092679,38.6101773083773,6363.5,24,18.924209,29.1234347048301,6.34221816780933,0.0237630208333333,632.09316777338
"06","J",0.879113498992612,4.23652820685024,7.16644871240912,0.45944363073788,100,20.466553,12,32.7333333333333,8.41196254849947,0.0299479166666667,831.312236791227,69.2760197326022,11271.5,13,1.92359,60.8333333333333,6.83265371289787,0.0170355902777778,216.247321509958
"06","M",0.81472602739726,3.5173154109589,3.3018323290436,0.211681670269504,74,20.106362,14,35.5666666666667,8.33553024560509,0.03515625,1129.26300140141,94.1052501167843,23231,13,4.007322,47.6894639556377,6.34136545292969,0.0200737847222222,182.976956644678
"06","P",0.979919678714859,3.55783668005355,3.51956922320418,0.22564086166447,105,19.765946,2,33.5,8.38148105137824,0.0303819444444444,0,0,0,1,0.0600509999999995,63.3333333333333,5.02323142879762,0.00401475694444444,36.2128577868064
"06","W",0.849879766403298,3.65354998282377,4.03387486418407,0.258613183170325,87,19.304394,15,34.4666666666667,8.28512405585651,0.0320216049382716,503.296421241599,38.7151093262768,3815,14,2.855249,56.7505720823799,5.95179693862026,0.0121527777777778,181.108182042516
"07","D",0.0280800280800281,3.12185679185679,0.283992878902286,0.031409204932145,49,22.841619,3,22.0666666666667,5.99168582593709,0.0128279320987654,3563.25792683724,75.8139984433456,97885.5,48,22.521038,39.4005055976887,6.70686636048168,0.0499131944444444,851.226919956882
"07","J",1,3.77293674242424,2.22891786235795,0.246515117513941,88,13.674704,0,41.6333333333333,8.79025552345356,0.0356385030864198,0,0,0,0,0,0,0,0,0
"07","M",1,3.79461851585014,2.29368628716494,0.253678412367523,61,21.158337,0,28.2666666666667,7.23953223718222,0.0171199845679012,0,0,0,0,0,0,0,0,0
"07","P",1,3.5085518701482,1.43913967476479,0.159166783143955,99,17.882425,0,39.9333333333333,8.57755753360825,0.0308641975308642,0,0,0,0,0,0,0,0,0
"07","W",1,3.60058254545455,1.71405638736146,0.18957217710523,74,11.290317,0,57.4666666666667,8.43014378680802,0.0269579475308642,0,0,0,0,0,0,0,0,0
"08","D",0.0303239145416954,4.04770468642316,-0.275352231747816,-0.0221828277005666,28,25.446016,1,17.2,5.46431101637858,0.0132137345679012,1751.21085706768,64.8596613728772,26903.5,28,25.446016,31.9118692253021,5.6450689470634,0.0282118055555556,675.19144466551
"08","J",0.971621621621622,5.60049932432432,4.38087919739207,0.352930818086662,85,22.791119,2,29.8333333333333,8.21778939393833,0.0247878086419753,203.887738515243,67.9625795050809,2194,4,0.511036,61.9047619047619,4.8136363537329,0.00423177083333333,47.5712805804392
"08","M",0.944291609353508,4.92766850068776,2.36331940484592,0.190392889958912,44,23.482625,2,24.3666666666667,7.39383912453824,0.0211709104938272,0,0,0,1,0.180384000000002,61.1111111111111,6.17025664277719,0.00998263888888889,102.394364340287
"08","P",1,4.61057080828323,1.41246588858355,0.11379057013808,84,25.947286,0,18.4666666666667,7.3851773587119,0.0135513117283951,0,0,0,0,0,0,0,0,0
"08","W",0.920812182741117,5.33303384094755,3.57885350802444,0.288318312258256,53,25.365962,4,17.9333333333333,6.29656337264397,0.0133101851851852,330.585926143306,55.0976543572176,4070,7,1.492754,60.2564102564103,6.13424815936492,0.0104166666666667,112.118113228903
"09","D",0.0846579129232896,3.59381237042156,-0.0518195724046289,-0.00345409609179607,73,22.951445,13,25.5,6.45663774416518,0.0168788580246914,9548.73419277883,144.677790799679,338831.5,67,21.098051,48.4711211778029,7.61930014715001,0.05859375,858.822391708802
"09","J",1,5.91593789649416,9.60840030049479,0.640459509530547,79,23.432424,0,31.2666666666667,7.68049845805774,0.0201099537037037,0,0,0,0,0,0,0,0,0
"09","M",1,5.58898039215686,8.24823206431221,0.54979585541742,49,26.458086,0,21.7,6.73605661986351,0.01171875,0,0,0,0,0,0,0,0,0
"09","P",0.98806275579809,5.41125784447476,7.50889266697797,0.500514296262468,70,24.795133,2,24.0333333333333,7.4168638621306,0.0161554783950617,0,0,0,1,0.110148999999999,80,4.65057194545458,0.0029296875,14.5120939885861
"09","W",1,5.23557547169811,6.77804055336056,0.451798467239121,49,23.723043,0,25.2,6.46183721096932,0.0146604938271605,0,0,0,0,0,0,0,0,0
"10","D",0.0261306532663317,3.2993567839196,1.06847444870635,0.0636524602664999,42,25.145756,3,24.3333333333333,6.0915756743976,0.0137924382716049,4687.50131154385,117.187532788596,49267.5,41,25.065611,45.9236326109391,7.09776243360853,0.0508897569444444,1062.93265194465
"10","J",0.988474576271186,4.95035423728814,10.0028831923531,0.595903931743604,87,23.111344,2,28.8333333333333,7.66327806297643,0.0218942901234568,40,40,0,2,0.110109,85.2941176470588,4.74894004700543,0.00314670138888889,33.0608614538286
"10","M",0.971819645732689,4.26930032206119,6.31734506951494,0.376344569132117,63,16.599604,0,34.2,7.64560317696814,0.0219425154320988,0,0,0,0,0,88.5714285714286,5.56283323902492,0.00596788194444444,54.4993911141643
"10","P",1,4.36081350153427,6.81257063704986,0.405846749365474,81,22.811261,0,27.6,7.68744154330269,0.0213638117283951,0,0,0,0,0,0,0,0,0
"10","W",1,4.40782513850415,7.06697513630573,0.421002443823221,51,23.842677,0,23.9333333333333,7.28716040645365,0.0205922067901235,0,0,0,0,0,0,0,0,0
"11","D",0.9957805907173,3.16615682137834,-1.46729886920552,-0.0894826795914044,69,23.011174,0,32.4,6.88718038158239,0.0138406635802469,0,0,0,0,0,25,1.18872187554087,0.000325520833333333,16.1739178892419
"11","J",1,4.55107721216262,5.06340815913482,0.308790076414148,85,22.210271,0,35.0333333333333,8.00612824355695,0.0230034722222222,0,0,0,0,0,0,0,0,0
"11","M",1,3.6396625,0.765556451512481,0.0466871774370793,50,7.833899,0,41.4333333333333,8.77318336823162,0.0319733796296296,0,0,0,0,0,0,0,0,0
"11","P",1,4.06137622424856,2.75418251350442,0.167962803328274,81,24.594522,0,28.3,7.58962544244179,0.0169270833333333,0,0,0,0,0,0,0,0,0
"11","W",1,4.35628263139575,4.1448381487847,0.25277142360694,68,15.358183,0,49.8666666666667,8.17670067818636,0.0245949074074074,0,0,0,0,0,0,0,0,0
"12","D",0.152010906612134,3.90809100204499,1.62338097115467,0.109948324401875,40,25.947289,13,20.1333333333333,5.82895054221484,0.0158179012345679,3518.35155975013,125.655412848219,52803,29,21.559209,42.604501607717,6.93074509653877,0.0445963541666667,715.668430217605
"12","J",1,4.88254326762446,5.70968332153263,0.386705354579415,90,25.686441,0,23.6333333333333,7.51662151978358,0.0158661265432099,0,0,0,0,0,0,0,0,0
"12","M",0.905582356995176,4.5098883528601,4.14697911541539,0.28086654529724,42,25.886839,4,19.8,7.44545808204553,0.017602237654321,660.293963802633,110.048993967105,23209.5,7,2.003505,49.2700729927007,5.97244682159007,0.0109592013888889,112.46888722458
"12","P",0.974657534246575,4.48547157534247,4.04458894312756,0.273931865096905,69,24.534536,2,22.1666666666667,7.58127542943758,0.0184220679012346,0,0,0,1,0.190368999999999,68.9189189189189,4.85217550214588,0.00520833333333333,63.8870619071382
"12","W",0.963881019830028,4.43097273371105,3.81605158679137,0.258453490125856,44,24.253992,2,20.9,7.2048391470322,0.0171199845679012,0,0,0,1,0.420818999999999,58.8235294117647,5.13431967692953,0.00531684027777778,52.4619896949812
"13","D",0.0880612600069614,3.53801218238775,0.876649757465609,0.0510067309443076,56,24.694898,7,19.0666666666667,6.02434107686592,0.011766975308642,4018.52484037295,85.5005285185734,60223,48,21.980032,27.7862595419847,6.34732274522638,0.0310329861111111,631.49912688664
"13","J",1,5.95449966599866,13.2142118163023,0.768851803146324,88,23.77267,0,28.6666666666667,7.73992469117283,0.0201581790123457,0,0,0,0,0,0,0,0,0
"13","M",0.912328767123288,4.3962,5.25819343594036,0.305941176115201,75,18.423134,6,35.4333333333333,7.13242925759034,0.0112364969135802,715.119487952938,119.18658132549,20566,7,1.071965,66.9642857142857,6.61884479760712,0.0135633680555556,116.030403546963
"13","P",0.967320261437909,4.5549828001376,6.06887119192285,0.353109411581868,93,22.450592,4,32.4,7.99233417565269,0.0221354166666667,81.1541742610939,81.1541742610939,0,2,0.320579999999997,71.5789473684211,5.7814992610722,0.0068359375,72.1965107065017
"13","W",1,4.44553714057508,5.51008798858295,0.320597334476691,75,17.351734,0,34.6666666666667,7.87175112783278,0.0202064043209877,0,0,0,0,0,0,0,0,0
"14","D",0.0648777173913043,4.2330886548913,1.64064896616741,0.0851704612004983,34,24.193618,3,25.3666666666667,6.06667171631333,0.0163483796296296,1950.10945977725,67.2451537854223,53127.5,30,22.700945,42.3537958590628,6.72376109422921,0.0386284722222222,924.514002066678
"14","J",0.959946146078761,5.28914877145742,6.85566815680106,0.35589600870948,61,23.191956,6,30.1,7.73515974709355,0.0223283179012346,275.122088036436,137.561044018218,5370.5,3,0.380714999999999,78.9915966386555,6.13482984820082,0.00965711805555556,87.1883336024126
"14","M",0.712491277041172,4.60191102581996,3.46196170410331,0.17971966037667,44,22.109694,18,31.3,6.66353268267919,0.0122010030864198,1075.45339727475,89.6211164395626,12060,13,5.53979100000001,47.2087378640777,6.58303988257,0.0244140625,354.329147042204
"14","P",0.748782185107864,4.58384446764092,3.37274571522689,0.17508822057708,50,22.821742,11,29.9333333333333,7.93365918474561,0.0226658950617284,786.458240115505,52.4305493410336,8073,16,6.231447,44.3213296398892,6.51659904362102,0.0186631944444444,316.230165417711
"14","W",0.809326424870466,4.80302970639033,4.45512275839991,0.231277298107313,50,21.930042,20,33.5666666666667,7.20389185715994,0.0151909722222222,886.048760649961,73.8373967208301,6318,13,3.736893,55.4347826086957,6.8217689320774,0.021484375,267.908930196004
"15","D",0.068241469816273,4.14109786276715,-0.489123328878734,-0.0429777065466581,49,21.348348,5,24.5333333333333,5.85000964654088,0.0113329475308642,3799.70518554323,82.6022866422442,33786,47,20.566991,50.9054325955734,7.35288330728997,0.0532769097222222,829.522695855341
"15","J",0.961629081117469,5.94454594412656,4.25422857627192,0.373805493499066,99,20.186178,2,41.6333333333333,8.65550838360115,0.0339506172839506,225.328762180255,45.0657524360509,4333.5,6,0.480863000000001,73.6842105263158,5.92906929100985,0.0078125,77.4542322741576
"15","M",0.966689798750867,5.14991707147814,2.16422974795886,0.190163963801416,72,20.106945,4,38.5666666666667,8.25598120757303,0.0278260030864198,507.151882541912,169.050627513971,9185.5,4,0.781438,66.6666666666667,5.37545068886225,0.00564236111111111,43.9617290113964
"15","P",0.858153638814016,4.95696630727763,1.65673891169321,0.145572362975214,93,22.110123,5,33.5333333333333,8.09226040803507,0.027295524691358,335.722062883724,37.3024514315249,2979,10,3.45603,49.6437054631829,5.57360748550984,0.00944010416666667,186.558364650895
"15","W",0.968707482993197,4.62340646258503,0.779424093951546,0.0684855086794467,78,23.122176,4,32.6,7.79898427998336,0.0220389660493827,75,75,0,2,0.480868999999999,45.6521739130435,4.5416024603154,0.00412326388888889,56.5212769058421
"16","D",0.0935810810810811,4.06633614864865,-0.023153992034863,-0.00165307461709336,41,25.275844,7,18.9666666666667,6.33834263762233,0.0160108024691358,3890.16237463468,114.416540430432,38557.5,35,24.354143,34.5881475959747,6.34203408252078,0.0376519097222222,628.360657463808
"16","J",1,5.6496110738255,5.42147088871182,0.387064826659086,85,11.951792,0,55.5,8.87585771286713,0.038966049382716,0,0,0,0,0,0,0,0,0
"16","M",1,5.52765873015873,5.00209661957197,0.357123684832082,68,21.629513,0,34.9666666666667,7.39157033271977,0.0177469135802469,0,0,0,0,0,0,0,0,0
"16","P",1,5.41260047765268,4.60643000831701,0.328875146484479,103,18.513077,0,37.0666666666667,8.11484029112176,0.0223765432098765,0,0,0,0,0,0,0,0,0
"16","W",1,5.22160915350344,3.94964191742147,0.281983892473773,80,15.969108,0,35.6333333333333,7.50415659314987,0.0190489969135802,0,0,0,0,0,0,0,0,0
"17","D",0.18295994568907,3.52184249830278,-0.58926755446578,-0.0661855165642032,89,10.609636,23,55.1333333333333,8.12220095860903,0.0296103395061728,5012.86950606186,71.6124215151695,48729.5,71,7.77426599999999,71.9983381803074,8.54256475864063,0.0729166666666667,980.822691328233
"17","J",0.977219430485762,5.52662244556114,4.14341038706042,0.465380716665616,103,19.304569,2,48.6,8.26728292303496,0.0277777777777778,65.1229606206597,65.1229606206597,0,2,0.520941999999999,67.6470588235294,5.14605089373558,0.00466579861111111,36.9325134074135
"17","M",0.967775467775468,4.63416735966736,2.03659437237088,0.228746771386925,80,22.571248,4,34.2666666666667,6.45405651208683,0.011766975308642,142.965009319823,47.6550031066077,1669.5,4,0.290618000000002,68.8172043010753,5.50960390829239,0.00661892361111111,67.4154096841743
"17","P",0.897781011276828,4.71160094579847,2.21939160431504,0.249278241567222,82,20.357031,9,33.7333333333333,7.54072917976201,0.0182773919753086,213.343179944743,53.3357949861856,1098,5,1.662919,66.5480427046263,6.51948658568116,0.0151909722222222,173.177663903222
"17","W",0.863244795405599,4.68751507537688,2.16253216305686,0.242891887079003,62,19.756141,8,34.3333333333333,7.61370453442444,0.0210744598765432,239.482080632647,29.9352600790809,1642,9,1.923435,65.6167979002625,6.74215309557975,0.0184461805555556,197.990671793866
"18","D",0.300840336134454,3.42090487394958,-0.592551915002693,-0.0363503333365215,54,23.021688,11,29.5,7.91592836342562,0.0297067901234568,3288.00626879768,109.600208959923,64916.5,31,18.223042,35.2403846153846,7.19551336293392,0.0438368055555556,538.433955858432
"18","J",0.977926421404682,5.21810668896321,7.66009063022211,0.469911311982298,89,22.260484,2,31.2,8.10022019111216,0.0275848765432099,0,0,0,1,0.100124,71.2121212121212,5.35485207383835,0.00531684027777778,45.4167007472014
"18","M",0.827325780981806,4.20030930312393,2.98642630458701,0.183203511638639,75,21.06761,11,32.6333333333333,7.99785575056998,0.0283082561728395,578.487712098346,64.2764124553717,8211,10,3.466094,53.6779324055666,6.2339535939269,0.0171440972222222,247.649622100539
"18","P",0.956858779912369,4.28547084597236,3.37748298272789,0.207193039381249,99,21.489089,4,33.8666666666667,8.58182821753092,0.0318769290123457,73.0273921210391,73.0273921210391,0,2,0.961695,56.25,5.52993557510339,0.00661892361111111,86.2200579088163
"18","W",0.96551724137931,4.38417275520656,3.83071620819891,0.234996812194951,49,24.784805,2,22.1666666666667,7.09779701723933,0.0167341820987654,52.9528091794949,52.9528091794949,0,2,0.370635999999995,69.3069306930693,5.39921627982039,0.00564236111111111,46.2629706566399
"19","D",0.332623358182464,3.00628824991125,0.47835112117841,0.0303355930448996,38,21.408557,11,28.0333333333333,7.37288363034136,0.0257040895061728,1790.82271326733,89.5411356633663,43689,21,15.057032,40.7978723404255,6.98965371790801,0.0434027777777778,522.050357469498
"19","J",0.969241773962804,3.35485157367668,2.36210464727069,0.149797590382033,95,15.728241,2,53.1666666666667,8.1931793197299,0.0220871913580247,37.0540146272978,37.0540146272978,0,2,0.320616000000002,75.5813953488372,5.66452318488434,0.00618489583333333,52.5144328597244
"19","M",0.884169884169884,3.09404401544402,0.952612816216976,0.0604118469523474,74,17.631506,4,37.7,8.2096356940264,0.027391975308642,1924.64798720471,192.464798720471,81900.5,11,1.442602,66.3333333333333,6.73907255957369,0.0173611111111111,155.351309155431
"19","P",0.920987654320988,3.18668683127572,1.4532857760248,0.0921630240372882,80,13.674649,8,41,8.95729693762254,0.0383873456790123,358.163387883647,89.5408469709119,4941.5,5,0.641159999999999,72.9166666666667,6.67130011529115,0.0133463541666667,122.165013888142
"19","W",0.978838174273859,3.01514605809129,0.526221698071967,0.0333714014190706,82,16.990146,2,35.3333333333333,7.97551513473157,0.0227141203703704,0,0,0,1,0.130286,86.2745098039216,5.43713122432444,0.0048828125,32.6059756261221
"20","D",0.168014059753954,3.92237820738137,-0.976029884451028,-0.0984513162652374,55,22.330369,7,27.0333333333333,7.1770930773958,0.023485725308642,4839.33647220364,118.032596883016,99098.5,42,18.002499,40.8956485002112,7.38782608636226,0.048828125,653.567190680249
"20","J",1,6.19190535117057,4.19547198490498,0.423193742167173,88,21.33829,0,35.0666666666667,8.53466848419663,0.0322627314814815,0,0,0,0,0,0,0,0,0
"20","M",1,5.41110038075459,2.4162756553264,0.243727699854531,62,17.221046,0,40.2333333333333,8.05374952436036,0.0285493827160494,0,0,0,0,0,0,0,0,0
"20","P",1,5.36303344594595,2.30674700575842,0.232679636787501,60,22.1006,0,27.7666666666667,7.23541324927062,0.0192901234567901,0,0,0,0,0,0,0,0,0
"20","W",1,5.4476512118019,2.49956291258832,0.252128815677095,75,20.617316,0,36.5,7.69966093942919,0.0248360339506173,0,0,0,0,0,0,0,0,0
"21","D",0.0294815316841749,4.24696069129109,-2.30289440779532,-0.0840223255793772,46,23.923102,5,22.4,5.80011265842974,0.0141782407407407,5026.96487449645,116.90615987201,80661.5,44,23.71267,35.9287709497207,7.27918680637632,0.0552300347222222,973.542315323243
"21","J",0.905725059993144,5.17136201576963,3.16155656278898,0.115351070356102,80,20.296748,6,34.6333333333333,8.46139365636379,0.0328896604938272,189.046058819569,47.2615147048923,1917.5,5,1.502795,60,5.91765569601929,0.0144314236111111,147.843981496148
"21","M",0.854911489066296,4.93039708434571,1.73713080902995,0.0633801401906285,71,19.615879,18,38.2333333333333,8.13643648949792,0.0277777777777778,1015.7516350445,78.1347411572689,11584,14,2.284035,58.8516746411483,6.81757115443735,0.0210503472222222,234.955018822277
"21","P",1,5.11919384184745,2.85317272443448,0.104099522225224,81,22.550324,0,24.3,7.56251531759548,0.0187596450617284,0,0,0,0,0,0,0,0,0
"21","W",0.862237762237762,4.80562132867133,0.99953883339653,0.0364687052105337,73,20.136696,12,35.4,7.8090346173499,0.0224729938271605,673.604316920466,84.2005396150582,4427,9,1.54296800000001,66.243654822335,7.05989480723477,0.0209418402777778,201.539202731743
"22","D",0.0283901135604543,3.58042685370741,3.69741016739676,0.164328604847237,84,24.043163,11,36.9666666666667,6.03303198382595,0.00887345679012346,5236.69831487821,68.9039251957659,47733,77,22.62069,57.3392918528704,7.62160000262182,0.0569661458333333,1097.09026157556
"22","J",0.982948846539619,4.82287027749916,12.7882047865262,0.568362111837375,83,25.96711,2,22.1333333333333,7.64058311390283,0.017602237654321,66.5675890481834,33.2837945240917,278,3,0.310471,56.8627450980392,4.55243680317221,0.00303819444444444,27.5645682975311
"22","M",0.964776920496478,4.33513284132841,9.21949431216317,0.409753467731036,42,26.397867,2,19.1666666666667,6.70912872280455,0.013647762345679,357.553682100265,178.776841050132,8358,3,0.250460999999999,80,6.10085149903216,0.00846354166666667,89.6008700630634
"22","P",1,4.25018169672679,8.59791799452572,0.382127977331261,80,27.059058,0,17,7.13612361602656,0.0121527777777778,0,0,0,0,0,0,0,0,0
"22","W",0.992639678822349,4.60030076948812,11.1596930595019,0.4959841369946,55,26.798983,0,17.5,6.92439854906453,0.0132137345679012,0,0,0,0,0,90.9090909090909,4.36852252772821,0.00227864583333333,30.006028004434
"23","D",0.0488227146814404,4.11223684210526,1.03983452467799,0.0703402333224252,37,25.74653,3,19.1333333333333,5.68846509258889,0.0112847222222222,2641.86535217273,77.7019221227275,38831,35,24.343992,43.9388423734984,6.83880737532968,0.0454644097222222,863.697020118008
"23","J",1,6.46408049432198,10.0890849344139,0.682482232945867,82,24.113644,0,30.5333333333333,8.14977380603664,0.0246913580246914,0,0,0,0,0,0,0,0,0
"23","M",0.998645445309854,6.37803284795124,9.75799715209325,0.660085600302949,33,26.548197,0,21.1666666666667,5.5528472369259,0.00525655864197531,0,0,0,0,0,75,2,0.000434027777777778,14.0974198535157
"23","P",1,6.03217595993322,8.42723454691026,0.570065361578602,85,25.676103,0,24,7.65034733403708,0.0166377314814815,0,0,0,0,0,0,0,0,0
"23","W",0.862285914016078,5.63877560293604,6.91353769108756,0.467670425181426,38,23.993352,8,22.5,6.83486191173573,0.0158661265432099,726.775040240443,72.6775040240443,13865,11,0.911545000000003,84.263959390863,7.43517231588623,0.0241970486111111,250.176982381893
"24","D",0.189685012114919,4.25268881966078,1.83202722548484,0.119102678342975,62,21.268423,17,36,7.19497529425557,0.0225694444444444,3567.52220969846,84.9410049928206,60548.5,43,14.055393,57.5395130286202,7.74335164523255,0.0571831597222222,777.232630558102
"24","J",1,5.21212243525059,5.71560186099544,0.371579352379164,83,22.830955,0,38.3333333333333,8.26903523155239,0.0259934413580247,0,0,0,0,0,0,0,0,0
"24","M",0.863851351351351,5.09914121621622,5.25827892650432,0.341848142270565,92,18.994394,10,49.0333333333333,7.83129089223488,0.0207851080246914,405.738716386422,45.0820795984913,4956,10,2.945405,47.394540942928,6.27444693126602,0.0141059027777778,187.107866162771
"24","P",0.959197551853111,4.89162835770146,4.41831286655468,0.287240761951356,85,22.400141,6,38.1333333333333,7.86284885085295,0.0193383487654321,378.352597286394,126.117532428798,13859,4,0.400678,81.6666666666667,6.29535661239807,0.00965711805555556,105.73234133632
"24","W",0.862092862092862,4.58033264033264,3.15825679548046,0.205322736476843,78,17.77204,8,49.8666666666667,7.36945215794444,0.0170717592592593,1195.83428921102,132.870476579002,16639.5,10,1.382433,72.3618090452261,7.64963837819149,0.0266927083333333,237.893319031434
"25","D",0.0849744711889132,2.8981163384391,1.22089963779075,0.0726646764733286,54,22.810955,9,19.9,5.82340501287714,0.0148051697530864,5842.61000935599,129.835777985689,42220.5,46,20.54703,29.6133917895576,6.45034452936644,0.03515625,636.905832974864
"25","J",1,4.24698962516734,9.60923796451245,0.571916106970128,105,13.45431,0,60.0333333333333,9.22471057652642,0.0445119598765432,0,0,0,0,0,0,0,0,0
"25","M",1,3.59291560454702,5.5416993530908,0.329827103015173,101,15.387435,0,48.4666666666667,8.73286136020966,0.0373263888888889,0,0,0,0,0,0,0,0,0
"25","P",0.942655935613682,3.29690342052314,3.70086643508788,0.220265658087412,115,21.148533,2,39.1,8.81827982568662,0.0336612654320988,106.569226327303,106.569226327303,0,2,0.280583,57.8947368421053,5.9197765479302,0.00900607638888889,47.6503459947537
"25","W",0.977351916376307,3.59238083623693,5.53837374974795,0.329629172011259,86,21.648845,2,32.3,8.13543726743849,0.0245466820987654,0,0,0,1,0.140235000000001,81.5384615384615,5.34544473610538,0.00499131944444444,44.793577732775
"26","D",0.125594025797692,3.32766904276986,0.483195915446858,0.0175252526292681,38,25.84676,9,18.6666666666667,6.43757421971037,0.0178433641975309,3269.95995651319,136.248331521383,71815.5,25,21.979932,33.2686335403727,7.30512464313595,0.0481770833333333,632.994972419932
"26","J",1,5.07992181757434,15.2559270419174,0.553324163048911,71,25.005309,0,23.3666666666667,7.83744129130681,0.0204957561728395,0,0,0,0,0,0,0,0,0
"26","M",1,4.87285316795173,13.5101917635484,0.490007295502651,15,28.732254,0,10.8333333333333,5.6322384121821,0.00733024691358025,0,0,0,0,0,0,0,0,0
"26","P",1,4.49968017414601,10.3640792959754,0.375899510168171,74,25.727143,0,19.2333333333333,7.16313670088241,0.0146122685185185,0,0,0,0,0,0,0,0,0
"26","W",0.963079066527342,4.51308080808081,10.4770561249406,0.379997118209908,37,25.396042,2,16.5,6.31695832203709,0.0111400462962963,0,0,0,1,0.621181000000001,49.0566037735849,5.07347220074588,0.00553385416666667,36.6223411042694
"27","D",0.089475758770201,3.31591486007095,-0.566652140864304,-0.0533366255444768,64,17.240984,12,30.6,7.97993718235962,0.0285493827160494,6558.08440040764,119.23789818923,217266,56,13.604503,49.7402597402597,8.01992450670155,0.060546875,874.371642487072
"27","J",1,5.48239098250336,6.0044332233935,0.565172498871131,75,23.983281,0,27.2,7.90409559656823,0.023533950617284,0,0,0,0,0,0,0,0,0
"27","M",1,5.66589820156091,6.56102444953211,0.617562132067638,55,25.416351,0,27.1333333333333,7.60055938945951,0.0186149691358025,0,0,0,0,0,0,0,0,0
"27","P",1,5.02580066889632,4.61956038951406,0.434820139035903,78,24.845645,0,22.6,7.37588263293692,0.015625,0,0,0,0,0,0,0,0,0
"27","W",0.92140221402214,4.43161402214022,2.81734750670938,0.265185284158324,66,19.044545,3,32.8,7.92155609917231,0.0255111882716049,197.814886958565,39.562977391713,2628,6,1.091886,66.1971830985916,6.00854256563999,0.00998263888888889,121.451823480597
"28","D",0.208815028901734,3.32971676300578,0.466836259430164,0.0274426634604767,35,21.327105,12,20,7.66984077476111,0.0211226851851852,2078.41838664287,98.972304125851,38174,22,9.634253,56.5296803652968,6.82212217017931,0.0275607638888889,373.497743683357
"28","J",1,3.86960547667343,3.30079075381056,0.194034820518965,64,12.312585,0,20.8,8.0854212522522,0.0185667438271605,0,0,0,0,0,0,0,0,0
"28","M",0.93859649122807,4.11492105263158,4.58848794293181,0.269731255588492,4,1.07934,0,2.5,5.57324245840617,0.0035204475308642,0,0,0,0,0,71.4285714285714,2.52164063634332,0.000651041666666667,11.5870648826646
"28","P",1,3.71965331152903,2.51366999800486,0.147764442912267,66,17.869084,0,22.2666666666667,8.33750171487434,0.0226658950617284,0,0,0,0,0,0,0,0,0
"28","W",0.945167286245353,4.22823698884758,5.18329979692059,0.304696880476415,52,15.130992,4,20.8333333333333,8.09380287881377,0.019434799382716,121.252536439183,60.6262682195917,425,3,0.639620000000003,86.4406779661017,4.97569771030545,0.00412326388888889,63.3318195689152
"29","D",0.0567834070044203,3.59218395103706,0.247446108948994,0.0261733979002763,57,25.386036,7,22.0666666666667,6.14827575858442,0.00983796296296296,3930.28605531249,75.5824241406248,30978.5,53,24.233926,46.6834895457823,6.97181023075036,0.0347222222222222,959.021927908934
"29","J",0.949897048730268,4.63993273850377,3.07714270327379,0.325482104813854,75,17.671697,6,40.9,8.7135827905478,0.0393518518518519,530.497458132149,106.09949162643,12428,6,0.520977999999997,80.1369863013699,6.53469619934752,0.0116102430555556,100.368241920309
"29","M",0.94720603359616,4.41315221117587,2.46466756274842,0.260698077192298,56,22.621048,0,28.5666666666667,7.61568063908772,0.0236786265432099,0,0,0,0,0,74.025974025974,6.35270760582147,0.0110677083333333,106.548521333721
"29","P",0.917525773195876,4.03220859106529,1.43583805957813,0.151874527400411,93,20.667633,8,36.4,8.48989559495211,0.0316358024691358,701.014737051236,116.835789508539,12498,7,0.841555000000002,81.25,7.08515571266251,0.0173611111111111,165.955682469494
"29","W",0.779426993441491,3.71947531929582,0.591226942253183,0.0625365178490076,81,20.396569,12,37,7.7981908649433,0.0217496141975309,647.307757544451,53.9423131287042,7145,13,4.46822099999999,46.79186228482,6.31786338387363,0.017578125,296.14132243166
"31","D",0.14862138533961,3.36395796906523,-0.0919085950900281,-0.00564530873499037,26,27.129168,5,15.3333333333333,5.92936767516801,0.0127797067901235,3283.80697544799,218.920465029866,51356,16,22.139968,26.6587677725118,5.53727466233614,0.0254991319444444,568.559264464738
"31","J",1,5.33917286432161,9.41356035966307,0.578209845049964,118,19.875965,0,47.7,7.51074779322238,0.0168306327160494,0,0,0,0,0,0,0,0,0
"31","M",1,4.65230827586207,6.10811241199864,0.375179060456558,106,15.197629,0,55,8.34155234598919,0.0265239197530864,0,0,0,0,0,0,0,0,0
"31","P",1,4.45461340033501,5.15673111857621,0.31674229378851,96,20.617276,0,42.1,8.01472895736109,0.0220871913580247,0,0,0,0,0,0,0,0,0
"31","W",1,5.11206849779586,8.32064965375269,0.511079906347313,123,18.483123,0,49.3666666666667,7.27592573993284,0.0149980709876543,0,0,0,0,0,0,0,0,0
"32","D",0.0634974533106961,3.18169813242784,-0.00646272648464261,-0.000625523861245599,35,27.148787,5,11.4666666666667,5.30579642888557,0.00887345679012346,3600.96354353025,120.032118117675,43039.5,31,25.946538,24.1479332849891,6.1672262027078,0.0329861111111111,503.529941533462
"32","J",1,4.01305607790463,2.69145826580767,0.260504814927581,84,22.790776,0,31.5333333333333,8.39837407081168,0.0308641975308642,0,0,0,0,0,0,0,0,0
"32","M",1,3.96293529810298,2.52880642045917,0.244761829272395,48,24.153522,0,21.2,7.16744125893675,0.0180362654320988,0,0,0,0,0,0,0,0,0
"32","P",1,3.58248154419235,1.29415872766152,0.125260935352162,101,23.222398,0,31.5,8.50198651413636,0.0289351851851852,0,0,0,0,0,0,0,0,0
"32","W",1,3.58911827956989,1.31569624684058,0.127345540385432,61,23.743041,0,22.7,6.93916740317273,0.0171682098765432,0,0,0,0,0,0,0,0,0
"33","D",0.0447042640990372,4.6072871389271,0.61033121291643,0.0700183994228361,36,25.716487,2,18.2333333333333,5.91218633870716,0.0121045524691358,3844.01467308323,116.485293123734,79057.5,34,24.784908,45.1043916486681,7.8437751084116,0.0550130208333333,696.854742356492
"33","J",1,6.2075669535284,3.84996034178566,0.441675036878931,79,9.96748000000002,0,59.6,8.97967484339639,0.0380497685185185,0,0,0,0,0,0,0,0,0
"33","M",0.998565794191467,5.74391287199713,2.91133245024906,0.333993795565744,83,19.325347,0,40.3666666666667,8.1085135148649,0.0229552469135802,0,0,0,0,0,75,2,0.000434027777777778,13.1033936270021
"33","P",1,6.63366113416321,4.71255143781227,0.540633187178288,95,11.58009,0,57.4,9.21400993111881,0.0439814814814815,0,0,0,0,0,0,0,0,0
"33","W",1,5.87556663015699,3.1778541834911,0.364569693992821,81,13.764745,0,49.5666666666667,8.49082217971525,0.0318769290123457,0,0,0,0,0,0,0,0,0
"34","D",0.152588555858311,4.12963351498638,0.524343142494937,0.0403929820293111,23,26.484129,5,12.5,5.72375916503093,0.0115258487654321,1998.33079932184,166.527566610153,39179.5,13,19.828123,48.8745980707396,6.24738782245927,0.0270182291666667,383.315505767538
"34","J",1,6.90454919137466,9.59931671093122,0.739487171613109,90,18.688626,0,38.0333333333333,9.06150821770819,0.03515625,0,0,0,0,0,0,0,0,0
"34","M",0.936507936507937,5.7853119047619,5.93900772235716,0.457513816352483,56,18.029361,6,24.7333333333333,8.26017116496053,0.023341049382716,163.328440550627,54.4428135168758,2142,4,1.219232,58.75,4.55285349090532,0.00401475694444444,70.0668062076802
"34","P",1,5.38020866666667,4.61417424742175,0.355454743947598,43,27.003698,0,17.5666666666667,7.64544278694155,0.0157696759259259,0,0,0,0,0,0,0,0,0
"34","W",1,5.53473108108108,5.11951818939224,0.394384115026066,54,24.864708,0,25.2333333333333,7.96843740264736,0.0182773919753086,0,0,0,0,0,0,0,0,0
"35","D",0.0910389146733309,3.36048268475544,1.15977494901851,0.054539782206861,40,25.135355,13,14.0666666666667,5.12828776247946,0.00974151234567901,3780.87570468502,130.375024299483,37414.5,30,21.929546,30.5184603299293,6.33369485965197,0.0352647569444444,533.141788328441
"35","J",1,3.84670340681363,4.40432960487056,0.207118784226332,99,13.204343,0,54.0333333333333,9.05949035690919,0.0432098765432099,0,0,0,0,0,0,0,0,0
"35","M",1,3.84316407832546,4.38071163837116,0.206008121549805,80,22.400777,0,31.3333333333333,7.72187544849561,0.0230034722222222,0,0,0,0,0,0,0,0,0
"35","P",1,3.77986054307744,3.95828665584178,0.186143089488725,103,22.880983,0,33.7666666666667,8.24231145422766,0.0243537808641975,0,0,0,0,0,0,0,0,0
"35","W",1,3.53482578046324,2.32316778118725,0.109249699627653,63,26.637917,0,22.4,6.96705964619803,0.0114293981481481,0,0,0,0,0,0,0,0,0
"37","D",0.0349507974211062,3.70744553783509,2.62729560919002,0.189118368897321,22,27.139059,7,13.0333333333333,4.55640447517397,0.00863233024691358,1668.02525185504,98.1191324620609,20130,18,21.809426,27.2503516174402,5.65991537005088,0.0250651041666667,538.210208783428
"37","J",0.991245791245791,4.73759831649832,7.21744872500286,0.519527428013094,92,19.365181,2,41.6333333333333,8.79731893869879,0.0376157407407407,0,0,0,1,0.0701199999999999,61.5384615384615,4.07487577558377,0.00206163194444444,24.9516291201285
"37","M",0.909319899244333,4.52405433609212,6.26593979610735,0.451035775990948,83,20.166885,6,32.9333333333333,7.74721947020236,0.0236786265432099,202.815013190863,50.7037532977158,1248,5,1.041962,59.9206349206349,6.24644790549366,0.0120442708333333,118.065357779513
"37","P",0.966315073154134,4.35024430078258,5.49147731669638,0.395288306857266,122,16.900491,4,41.4,8.03041387788449,0.0234375,26.1725046566048,26.1725046566048,0,2,0.370637999999997,79.7979797979798,5.645679064673,0.00651041666666667,56.5737749906781
"37","W",0.938319744771358,4.26080184331797,5.09293975671438,0.366600719124666,82,20.317266,6,36.7666666666667,7.68198798076561,0.019579475308642,88.3624338061498,44.1812169030749,823,3,0.510872999999998,81.6091954022989,6.59757807096481,0.0128038194444444,146.718730634434
"38","D",0.0223501523874027,3.12836098882492,0.0866523791413082,0.00669387319759968,19,27.10891,3,12.3,3.80156523089569,0.00810185185185185,1375.244492275,85.9527807671878,44606,17,26.928643,24.2466227918254,5.14208581407605,0.0259331597222222,508.923155860644
"38","J",0.946192893401015,3.90900947546531,3.33856671140024,0.257903388796708,96,20.467202,6,36.8,8.57973612437643,0.035204475308642,267.490788833602,66.8726972084005,1573,5,0.741357999999999,64.7798742138365,6.11512994892451,0.00965711805555556,92.6838123845113
"38","M",0.823549372242959,3.88718595181541,3.24765738338381,0.250880667432894,70,21.60886,13,33.2,8.14714380194487,0.0314911265432099,1296.39420795764,99.7226313813566,17907.5,14,2.063825,73.2692307692308,7.87680922548097,0.0324435763888889,286.516651394135
"38","P",0.910321489001692,3.40111776649746,1.2228637338207,0.0944658975697623,94,22.00045,8,29.8,8.14378368971079,0.0280189043209877,679.586857171425,97.083836738775,12151.5,8,1.753205,58.4905660377359,6.47243721233287,0.0143229166666667,142.142149127477
"38","W",0.764342150463758,3.64669666781175,2.24586136021872,0.173492191601306,72,19.94583,16,36.1666666666667,7.97677767744898,0.0291280864197531,908.198358687735,75.6831965573113,8534.5,13,3.165689,65.597667638484,7.42031549692105,0.0311414930555556,400.093064272809
"39","D",0.03125,3.24546199324324,0.389705051423477,0.0260915888556794,40,19.048548,1,16.2666666666667,5.6492272688125,0.00906635802469136,2230.50430850928,58.6974818028759,32887,39,19.008583,49.8692240627724,6.28358603403806,0.0254991319444444,468.6543601401
"39","J",1,4.6360379403794,6.95629385636517,0.465738790391862,66,20.487451,0,26.1666666666667,8.60287394060108,0.029369212962963,0,0,0,0,0,0,0,0,0
"39","M",1,3.89035049205148,3.43500265306188,0.229980793460301,36,20.447707,0,19.9,7.79010271458048,0.0181327160493827,0,0,0,0,0,0,0,0,0
"39","P",1,4.15267645003494,4.67376037966245,0.312918279582686,66,22.726291,0,19.6,8.14790898534199,0.0216531635802469,0,0,0,0,0,0,0,0,0
"39","W",1,4.04485130111524,4.16458760327044,0.2788280703601,51,20.027638,0,22.4,7.97973603252543,0.0199170524691358,0,0,0,0,0,0,0,0,0
"40","D",1,2.78244751940601,1.4621434673018,0.0665707495173163,52,20.256507,0,33.7333333333333,8.26508910175085,0.0383391203703704,0,0,0,0,0,0,0,0,0
"40","J",1,4.1734081496326,13.1728761281562,0.599755261204552,70,26.417819,0,17.0666666666667,7.05768404602247,0.0126832561728395,0,0,0,0,0,0,0,0,0
"40","M",1,3.56460054719562,8.0472220160957,0.366386481986152,29,27.349516,0,13.8333333333333,6.01433383984928,0.00925925925925926,0,0,0,0,0,0,0,0,0
"40","P",1,3.15559686038744,4.6037508426994,0.209606752718348,64,26.988656,0,13.4,6.99736071585669,0.01171875,0,0,0,0,0,0,0,0,0
"40","W",1,3.4629587000677,7.19148212453848,0.327425020784293,38,27.048997,0,14.7666666666667,6.38730660684226,0.0103202160493827,0,0,0,0,0,0,0,0,0
"41","D",0.198287671232877,3.56381678082192,-0.988453345723221,-0.0608521517306516,64,21.629289,6,34.1666666666667,7.49392023768183,0.0243537808641975,6025.31141279753,111.579840977732,149313,55,17.942734,49.1243058521999,7.74738697090689,0.0495876736111111,827.909104143598
"41","J",1,5.24057670346403,6.18898913336528,0.381012728048729,44,3.726686,0,68.7333333333333,9.45996197974315,0.0478395061728395,0,0,0,0,0,0,0,0,0
"41","M",1,4.69957905474328,3.87322558690792,0.238447380568187,60,21.759617,0,32.7333333333333,7.46421293491275,0.0212673611111111,0,0,0,0,0,0,0,0,0
"41","P",1,4.65429726118905,3.67939493518684,0.226514584468486,108,19.365375,0,41.5333333333333,8.13151712481954,0.0222800925925926,0,0,0,0,0,0,0,0,0
"41","W",1,4.50331191385898,3.03309570593334,0.186726466058951,99,14.687181,0,53.2666666666667,8.16752502243211,0.025462962962963,0,0,0,0,0,0,0,0,0
"42","D",0.136943773715074,4.26593032080028,1.07267496977666,0.0824769720260249,34,25.275409,10,17.7666666666667,6.05337354470375,0.0169270833333333,4636.85299981624,201.602304339837,46942,24,20.48688,40.7673860911271,7.20877363387518,0.0399305555555556,664.282931923718
"42","J",0.997277985709425,5.75887784960871,5.99970139356887,0.461311411139676,57,5.780333,0,73.9333333333333,8.98646155954981,0.0408468364197531,0,0,0,0,0,87.5,3,0.000868055555555556,5.52099278812234
"42","M",0.989150090415913,4.50570415913201,1.86397674991184,0.143319423489156,42,5.039161,0,65.8666666666667,9.15826891883389,0.0461998456790123,0,0,0,0,0,83.3333333333333,4.52323142879762,0.00271267361111111,36.4911114300704
"42","P",1,4.18766406779661,0.814380629755188,0.0626169625574836,87,12.121914,0,60.7666666666667,9.20985540270842,0.0437403549382716,0,0,0,0,0,0,0,0,0
"42","W",0.860661764705882,5.06846360294118,3.72119583925209,0.286119256797104,73,12.803297,8,51.6666666666667,8.95755774286916,0.0394483024691358,275.544130180738,39.3634471686768,4784.5,8,2.204108,50.131926121372,6.22998616066313,0.0172526041666667,193.424021639397
"43","D",0.085419734904271,4.01100478645066,0.680465322107744,0.0399318398238739,31,22.861414,5,21.7666666666667,5.60150594618169,0.0134066358024691,1764.04463293347,76.6975927362377,78628.5,24,19.204674,37.43961352657,5.93223814226814,0.0405815972222222,723.665738416891
"43","J",1,4.52716448911223,2.96092536832952,0.173756389484103,81,23.361938,0,28.2666666666667,8.22475781858468,0.0277777777777778,0,0,0,0,0,0,0,0,0
"43","M",0.877038043478261,4.40208899456522,2.40832572406224,0.141328108769871,80,20.627574,8,33.2333333333333,8.01905472691699,0.0247878086419753,735.311555196091,147.062311039218,16833,6,2.404343,33.4254143646409,5.3034959387705,0.00965711805555556,106.779593072749
"43","P",0.998661759785882,4.16345265975243,1.353999661196,0.0794569478206228,92,21.939599,0,33.4333333333333,8.31391830612283,0.0275848765432099,0,0,0,0,0,0,0,0.000108506944444444,16
"43","W",0.771096686026648,3.78604065596174,-0.313455181115649,-0.0183945333841591,72,21.699269,10,29.9333333333333,7.77938173097119,0.0229070216049383,1806.06202267672,112.878876417295,21543,17,3.376207,54.0298507462687,6.78193934553854,0.0235460069444444,270.431436708394
"44","D",0.0881834215167548,3.90668430335097,0.457678956848563,0.0297296921815652,42,23.983238,9,17.5,5.80636570233575,0.0162037037037037,2815.17986946973,80.4337105562779,78365.5,36,23.262127,26.1121856866538,5.7645611307805,0.0277777777777778,474.556785548397
"44","J",0.972250770811922,4.76324357656732,3.9333836609513,0.255502866632282,91,17.451912,4,44.8,8.92727170396914,0.0398823302469136,173.366663462155,173.366663462155,0,2,0.170276999999998,66.6666666666667,5.45529765113469,0.00575086805555556,51.231948820006
"44","M",0.22503008423586,3.98072563176895,0.758120270750957,0.0492456162748344,23,4.768524,9,11.8333333333333,7.5293267916842,0.013744212962963,2367.20809750625,169.086292679018,90057,15,3.436028,62.5776397515528,7.61967246197746,0.0316840277777778,327.244874972624
"44","P",0.922945789294238,4.22289532901466,1.7407847310252,0.113077067305221,91,22.63085,5,28.2333333333333,8.08361365658772,0.0227141203703704,111.480450328817,55.7402251644084,1132,3,0.991819999999997,69.9115044247788,6.79574071696089,0.0146484375,130.179396299022
"44","W",0.738222698072805,4.00626124197002,0.861737432193525,0.0559763306070522,53,12.652934,6,23.5,8.13554381910185,0.0256558641975309,2317.46464737387,231.746464737387,42672,11,3.055584,41.5132924335378,6.31585306230467,0.0181206597222222,152.418453102607
"45","D",0.164625850340136,3.91076666666667,-1.27315130286433,-0.0695472094748191,39,23.783451,15,28.5,6.8484406363061,0.0236786265432099,4242.36128265667,169.694451306267,104727.5,26,17.712255,38.7622149837134,6.67223123150092,0.0467664930555556,689.060674552023
"45","J",0.993033786137234,5.23978335074887,4.51531061886465,0.246653522442744,86,20.326783,0,40.6333333333333,8.27217359098509,0.0279224537037037,0,0,0,0,0,90,4.12192809488736,0.001953125,29.5272795180717
"45","M",0.985412667946257,4.27164299424184,0.298626467604276,0.0163127803038607,68,16.319433,0,43.4,8.60670960989658,0.0342399691358025,0,0,0,0,0,86.8421052631579,4.6818808028034,0.00314670138888889,35.6474341329297
"45","P",1,4.18101949579832,-0.0960793899195975,-0.0052484362557049,108,21.919743,0,39.3333333333333,8.277242352804,0.023389274691358,0,0,0,0,0,0,0,0,0
"45","W",0.929072486360094,4.46579812938426,1.14425889655766,0.0625063281899662,73,11.741273,6,48.8,8.80910236977472,0.0325038580246914,853.254304819165,170.650860963833,18973.5,6,0.761538000000001,67.5824175824176,6.4004221134606,0.0119357638888889,96.620643972717
"46","D",0.0837121212121212,3.76305037878788,-0.275189009185807,-0.0174424592700093,49,22.250266,9,20.3,5.75138862902064,0.0122974537037037,3602.16985461363,83.7713919677589,43500,44,19.795812,43.6130632492766,7.08177906084841,0.0490451388888889,781.143133524359
"46","J",1,4.06604052649809,0.972969765790905,0.0616702882174322,95,15.447608,0,46.7333333333333,8.80319912513079,0.0365547839506173,0,0,0,0,0,0,0,0,0
"46","M",1,3.80644573643411,-0.0964231422137963,-0.00611164208820152,71,22.410562,0,27.2666666666667,7.56592829514728,0.0204957561728395,0,0,0,0,0,0,0,0,0
"46","P",1,3.43432024793388,-1.62938286837716,-0.103276087954988,111,20.838018,0,36.9,8.21781527763563,0.0256076388888889,0,0,0,0,0,0,0,0,0
"46","W",1,3.47018007246377,-1.48165940279798,-0.0939128487063975,72,21.168389,0,28.4,6.9952368799775,0.0162037037037037,0,0,0,0,0,0,0,0,0
"47","D",0.128248396895039,2.61296186297671,0.0782420932001627,0.00399237242490879,15,28.742019,5,9.63333333333333,3.68912714597726,0.00477430555555556,1268.63858083911,105.719881736592,12708.5,13,21.949749,26.1324041811847,5.80582562428075,0.0325520833333333,488.749964275394
"47","J",1,3.13380500834725,4.00029735414506,0.204118731937135,63,27.27958,0,13.6333333333333,6.86590120765706,0.0108506944444444,0,0,0,0,0,0,0,0,0
"47","M",1,3.28416060100167,5.13250567525726,0.261890668954423,29,28.57153,0,11.6333333333333,6.04140801177501,0.00631751543209877,0,0,0,0,0,0,0,0,0
"47","P",1,3.31456645463676,5.36146796318022,0.273573673425036,51,27.810312,0,11.9,6.24300750850523,0.00945216049382716,0,0,0,0,0,0,0,0,0
"47","W",1,3.03480527722111,3.25480915919307,0.166079533458544,21,28.742126,0,11.2333333333333,4.87924063080221,0.00535300925925926,0,0,0,0,0,0,0,0,0
"48","D",0.160899036746343,4.31373885123082,0.453029453720657,0.0408261989655142,77,10.659127,7,53.5333333333333,8.18030245924468,0.0278260030864198,6691.67159030903,92.9398831987365,129351,73,9.80757500000001,67.1768707482993,8.82606722186105,0.0818142361111111,1215.2736618699
"48","J",0.985559566787004,5.32171299638989,3.15177071384783,0.284031903887147,48,3.83685799999999,2,71.2333333333333,9.76416249812488,0.0560860339506173,0,0,0,1,0.050098,85,4.83418371977919,0.00358072916666667,30.2517186795229
"48","M",0.803427959292983,3.97624317086235,-0.450578562516079,-0.0406053290614955,31,4.257701,1,45.5,9.43983028907153,0.0457658179012346,181.220859726467,181.220859726467,0,2,0.130204,95.3678474114441,8.18416100630707,0.0336371527777778,269.518422718625
"48","P",0.929075380616413,4.12368845154103,-0.0558098430110683,-0.00502948260050424,40,2.915414,2,73.0333333333333,9.69152406285122,0.0544463734567901,112.203587482909,56.1017937414545,1347,3,0.230328000000005,84.2931937172775,7.0070848648444,0.0162760416666667,133.457339665196
"48","W",0.945935582822086,4.10676418711656,-0.101122722234182,-0.00911299771783224,48,5.03898,1,62.6,9.53484811590178,0.0509259259259259,0,0,0,1,0.0801460000000006,90.0709219858156,6.80955613954077,0.0135633680555556,98.7263018091763
"50","D",0.166208791208791,4.05899656593407,2.01283973588166,0.139706498409324,36,26.297349,9,13.9,5.8889120819615,0.0103684413580247,2393.82446335396,92.0701716674601,51075.5,27,20.977694,24.670510708402,5.8227119319802,0.0270182291666667,508.753292810692
"50","J",1,4.83651035404142,5.15823355983147,0.358020927237838,87,20.818039,0,35.6,8.171145202764,0.0282118055555556,0,0,0,0,0,0,0,0,0
"50","M",1,4.82382596872876,5.1069195023404,0.354459338521431,98,13.404415,0,54,7.75708463230994,0.0202546296296296,0,0,0,0,0,0,0,0,0
"50","P",0.985324232081911,4.42515597269625,3.49411962342479,0.242518670965209,102,18.403238,2,43.2666666666667,8.73142843152059,0.0343846450617284,0,0,0,1,0.420742000000002,62.7906976744186,4.50511032506403,0.00303819444444444,36.2909586283196
"50","W",1,4.47732399179768,3.70516278124295,0.257166682958627,69,23.572543,0,30.3333333333333,6.5759431087488,0.0108989197530864,0,0,0,0,0,0,0,0,0
