Recording	Participant	TOI	Interval	Media	Duration_of_interval	Start_of_interval	Total_duration_of_whole_fixations	Average_duration_of_whole_fixations	Number_of_whole_fixations	Duration_of_first_whole_fixation	Average_whole-fixation_pupil_diameter	Number_of_saccades	Average_peak_velocity_of_saccades	Minimum_peak_velocity_of_saccades	Maximum_peak_velocity_of_saccades	Standard_deviation_of_peak_velocity_of_saccades	Average_amplitude_of_saccades	Minimum_amplitude_of_saccades	Maximum_amplitude_of_saccades	Total_amplitude_of_saccades	Time_to_first_saccade	Direction_of_first_saccade	Peak_velocity_of_first_saccade	Average_velocity_of_first_saccade	Amplitude_of_first_saccade
Recording 221	P23-J1	main_driving	1	main_driving	7273	186398	862	144	6	200	6.19518	3	40.76	33.61	53.28	10.88	1.35	0.66	2.37	4.06	4188	277.98	53.28	44.15	0.66
Recording 335	P43-P1	main_driving	1	main_driving	40	179928	0		0			0													
Recording 335	P43-P1	main_driving	2	main_driving	9036	205956	4869	609	8	150	4.67762	7	57.89	36.35	82.86	15.93	1.69	0.82	2.62	11.81	3146	250.1	47.75	43.69	0.82
Recording 291	P40-P1	main_driving	1	main_driving	26047	218556	12503	625	20	561	3.22622	18	103.47	31.16	289.05	67.4	3.51	0.88	10.14	63.1	4428	51.45	40.63	39.94	2.01
Recording 167	P18-D1	main_driving	1	main_driving	8175	211781	2595	259	10	571	3.10008	9	92.07	34.22	178.61	53.52	3.47	1.78	5.43	31.24	3516	286.54	34.22	34.22	2.68
Recording 167	P18-D1	main_driving	2	main_driving	49189	225766	30114	463	65	301	3.66555	49	122.89	33.11	454.71	95.27	4.18	0.69	20.93	204.68	2054	356.09	323.63	183.71	13.85
Recording 51	P10-J1	main_driving	1	main_driving	481	163415	130	65	2	70	4.54862	1	66.72	66.72	66.72		1.44	1.44	1.44	1.44	371	233.02	66.72	57.75	1.44
Recording 51	P10-J1	main_driving	2	main_driving	17612	177220	8586	330	26	80	4.36764	19	96.97	30.07	597.85	128.01	3.67	0.54	29.96	69.66	4228	226.96	35.04	35.04	1.92
Recording 135	P20-P1	main_driving	1	main_driving	14045	207395	8385	280	30	70	5.15808	21	100.87	31.32	300.14	73.93	3.22	1.2	9.4	67.57	260	254.82	42.05	35.75	2.7
Recording 415	P47-D1	main_driving	1	main_driving	68033	229012	29874	729	41	601	2.67342	36	115.6	35.65	310.7	75.16	3.57	0.64	14.63	128.65	15177	184.95	297.57	161.95	13.15
Recording 19	P03-W1	main_driving	1	main_driving	15668	190132	1903	100	19	150	3.7183	7	46.45	34.99	60.5	8.48	1.12	0.66	2.01	7.87	7183	121.52	45.2	39.16	2.01
Recording 19	P03-W1	main_driving	2	main_driving	29834	215368	11541	192	60	90	4.59298	29	90.17	30.86	231.67	57.37	2.43	0.66	6.49	70.35	150	106.02	51.17	49.71	2.37
Recording 312	P41-J1	main_driving	1	main_driving	13675	176667	351	88	4	130	5.056	0													
Recording 43	P04-W1	main_driving	1	main_driving	1573	200163	0		0			1	33.89	33.89	33.89		0.9	0.9	0.9	0.9	1473	294.32	33.89	33.05	0.9
Recording 43	P04-W1	main_driving	2	main_driving	841	207576	461	461	1	461	3.84392	0													
Recording 43	P04-W1	main_driving	3	main_driving	23402	213507	5430	362	15	190	3.84969	12	107.59	30.55	441.55	115.83	4.55	1.27	15.24	54.56	5199	14.9	441.55	214.22	15.24
Recording 62	P06-W1	main_driving	1	main_driving	8566	195452	1042	174	6	180	3.45976	3	51.87	44.74	56.16	6.22	1.54	1.41	1.71	4.63	250	226.66	44.74	44.74	1.41
Recording 62	P06-W1	main_driving	2	main_driving	35494	211141	8345	288	29	170	3.96429	15	115.05	30.87	507.26	133.31	4.53	0.96	22.44	67.92	3977	170.74	104	73.5	2.94
Recording 394	P48-D1	main_driving	1	main_driving	57594	207335	10519	144	73	100	4.14051	22	74.86	31.28	252.5	62.99	1.44	0.57	3.63	31.71	2314	222.74	37.76	36.51	0.99
Recording 402	P33-W1	main_driving	1	main_driving	8375	233818	681	85	8	60	5.93286	1	57.44	57.44	57.44		1.98	1.98	1.98	1.98	7343	266.2	57.44	56.12	1.98
Recording039	P34-P1	main_driving	1	main_driving	12173	205946	7096	788	9	140	5.55971	4	62.76	32.08	120.26	41.14	2.59	1.29	3.41	10.35	380	294.53	120.26	120.26	2.62
Recording 284	P42-P1	main_driving	1	main_driving	9457	207172	3366	306	11	491	5.29741	2	64.54	62.97	66.11	2.22	0.91	0.74	1.08	1.82	5911	317.22	62.97	44.24	0.74
Recording 372	P35-D1	main_driving	1	main_driving	50812	207618	29293	563	52	220	3.52771	45	132.87	33.74	345.74	86.49	4.25	0.75	10.39	191.09	641	128.75	35.03	33.83	1.41
Recording 247	P16-P1	main_driving	1	main_driving	18163	220651	8686	271	32	80	4.63686	17	91.78	30.48	221.91	55.85	2.65	0.65	7.21	45.11	451	274.5	93.93	64.89	2.53
Recording 125	P17-W1	main_driving	1	main_driving	992	200217	250	125	2	110	4.45269	1	35.47	35.47	35.47		1.17	1.17	1.17	1.17	291	15.65	35.47	35.09	1.17
Recording 125	P17-W1	main_driving	2	main_driving	16490	209644	661	110	6	110	4.31369	2	141.44	65.86	217.03	106.89	0.6	0.58	0.61	1.2	701	281.55	65.86	53.33	0.61
Recording 125	P17-W1	main_driving	3	main_driving	18073	232906	4979	156	32	90	4.24078	9	63.94	34.07	158.76	42.01	1.9	0.52	3.69	17.07	361	271.08	47.4	44.61	2.45
Recording020	P28-P1	main_driving	1	main_driving	12332	208264	8615	410	21	240	3.40478	17	101.14	34.19	162.78	40.84	4.25	0.75	8.46	72.27	1279	18.94	34.19	34.19	4.69
Recording041	P34-W1	main_driving	1	main_driving	8875	253616	5896	737	8	80	5.09006	3	42.63	32.56	49.47	8.91	2.48	1.56	3.98	7.45	240	298.44	45.87	39.19	3.98
Recording 273	P24-J1	main_driving	1	main_driving	12943	191919	7774	457	17	140	4.49643	15	79.59	31.16	188.45	60.49	2.69	0.83	5.85	40.31	1182	325.57	79.42	63.52	4.89
Recording 220	P23-P1	main_driving	1	main_driving	8616	209812	381	190	2	180	5.85746	2	86.93	35.82	138.03	72.27	4.48	2.38	6.58	8.96	2885	279.87	35.82	35.82	6.58
Recording 12	P02-P1	main_driving	1	main_driving	10228	198712	6011	668	9	220	3.68927	5	77.26	32.59	126.79	45.72	2.62	0.9	4.39	13.08	3777	63.41	32.59	32.59	0.9
Recording 9 (2)	P50-W1	main_driving	1	main_driving	12933	225139	5670	162	35	160	4.37078	16	78.54	30.61	248.42	63.75	2.14	0.91	6.74	34.27	2835	290.09	37.68	34.89	1.72
Recording 86	P11-M1	main_driving	1	main_driving	19305	279520	4107	121	34	100	3.524	11	38.11	30.1	53.2	7.67	1.26	0.94	1.87	13.84	5730	92.58	36.15	36.15	1.08
Recording 10	P02-M2	main_driving	1	main_driving	441	299460	0		0			0													
Recording 10	P02-M2	main_driving	2	main_driving	19836	319496	6231	415	15	70	4.06344	4	96.57	31.3	287.7	127.42	4.78	1.82	9.08	19.13	8776	75.09	33.99	33.99	3.85
Recording 332	P43-W1	main_driving	1	main_driving	7834	196194	200	100	2	70	3.61214	0													
Recording 332	P43-W1	main_driving	2	main_driving	30766	210861	12843	299	43	481	4.39813	23	94.19	31.75	307.31	72.92	2.4	0.55	6.26	55.1	932	207.11	44.06	42.56	0.69
Recording 363	P46-J1	main_driving	1	main_driving	10128	178733	4548	379	12	80	4.19964	6	127.26	31.23	265.54	101.44	4.97	1.94	11.06	29.84	1252	306.82	35.33	35.33	1.94
Recording 20	P03-M1	main_driving	1	main_driving	65959	226291	17091	208	82	130	4.31112	46	86.87	30.1	252.11	65.6	2.43	0.51	6.64	112	6261	78.6	39.92	35.32	2.3
Recording 158	P21-M1	main_driving	1	main_driving	5290	227733	70	70	1	70	5.16053	0													
Recording 158	P21-M1	main_driving	2	main_driving	27921	239023	6221	389	16	271	4.78465	9	70.37	33.3	135.99	34.1	2.1	0.89	4.78	18.89	4558	232.98	52.54	38.82	1.73
Recording 156	P21-J1	main_driving	1	main_driving	240	150258	0		0			0													
Recording 156	P21-J1	main_driving	2	main_driving	641	158643	160	160	1	160	5.04107	0													
Recording 156	P21-J1	main_driving	3	main_driving	6502	165866	751	376	2	120	4.91836	0													
Recording 156	P21-J1	main_driving	4	main_driving	17642	178529	5039	420	12	90	4.82202	8	71.15	31.25	219.76	61.84	2.29	0.99	5.91	18.35	2875	262.66	51.6	43.31	3.4
Recording 8 (3)	P50-J1	main_driving	1	main_driving	17391	174234	8646	320	27	90	4.42202	23	86.28	31.03	320.95	64.92	2.91	0.4	11.37	66.85	411	333.88	34.19	34.19	1.53
Recording030	P39-J1	main_driving	1	main_driving	12892	198190	10474	1047	10	300	4.01608	8	49.44	32.89	97.63	21.65	2.12	0.6	4.51	16.97	2159	351.54	32.89	32.89	3.56
Recording 342	P29-M1	main_driving	1	main_driving	5199	242414	0		0			0													
Recording 342	P29-M1	main_driving	2	main_driving	16249	254566	6372	398	16	80	4.26063	11	41.83	30.89	61.41	10.75	1.75	0.61	3.01	19.3	341	268.65	36.55	35	2.16
Recording 365	P46-M1	main_driving	1	main_driving	8515	267907	3657	522	7	80	4.39875	4	44.76	31.6	64.88	15.17	1.9	1.39	2.93	7.6	2665	313.75	31.6	31.6	2.93
Recording 333	P43-M1	main_driving	1	main_driving	20758	233057	1232	411	3	381	4.15811	0													
Recording 333	P43-M1	main_driving	2	main_driving	15288	262350	3546	236	15	60	4.67991	12	57.94	30.67	133.43	31.47	1.69	0.84	4.98	20.31	3406	74.95	30.67	30.67	1.43
Recording 31	P07-M1	main_driving	1	main_driving	38039	251181	6922	182	38	110	3.90276	21	96.43	31.52	340.05	103.2	3.43	1.18	12.62	72.02	591	62.35	36.72	36.72	1.87
Recording 209	P27-M1	main_driving	1	main_driving	7223	258019	1202	301	4	411	4.9553	3	54.88	34.31	78.48	22.24	2.45	1.61	3.44	7.34	2104	246.87	34.31	34.31	3.44
Recording 49	P10-D1	main_driving	1	main_driving	62994	208614	44641	507	88	70	3.57533	54	99.05	30.05	394.3	90.02	3.17	0.52	13.56	171.21	882	356.72	184.44	119.44	5.06
Recording 311	P41-P1	main_driving	1	main_driving	20297	207437	4207	124	34	220	4.63385	15	117.86	34.06	233.66	75.64	3.33	0.66	8.31	49.96	6562	335.74	104.17	73.5	2.7
Recording 93	P13-W1	main_driving	1	main_driving	20357	203783	8806	326	27	100	5.14603	18	125.88	38.81	252.91	73.72	4.18	0.75	8.94	75.17	431	30.05	38.81	36.73	0.75
Recording 32	P07-D1	main_driving	1	main_driving	52004	204171	30646	451	68	210	3.36531	22	86.44	30.62	226.17	57.1	2.37	0.67	7.65	52.14	1322	292.29	51.43	48.4	0.67
Recording 346	P29-W1	main_driving	1	main_driving	1933	192183	1212	606	2	771	3.3791	1	92.71	92.71	92.71		2.32	2.32	2.32	2.32	491	199.38	92.71	63.66	2.32
Recording 346	P29-W1	main_driving	2	main_driving	912	202091	591	296	2	261	3.5053	1	41.3	41.3	41.3		2.33	2.33	2.33	2.33	511	93.58	41.3	37.03	2.33
Recording 346	P29-W1	main_driving	3	main_driving	31026	208533	10098	631	16	130	3.88447	12	51.42	30.83	76.85	18.56	1.52	0.47	2.81	18.18	5710	256.47	55.84	43.38	2.81
Recording 376	P35-M1	main_driving	1	main_driving	17532	255342	5640	201	28	80	4.21323	9	55.61	34.37	120.96	27.5	1.44	0.53	2.81	12.97	4107	121.79	46.94	45.5	0.53
Recording 157	P21-W1	main_driving	1	main_driving	882	196697	0		0			0													
Recording 157	P21-W1	main_driving	2	main_driving	841	203249	281	140	2	140	4.6604	1	34.65	34.65	34.65		1.47	1.47	1.47	1.47	651	258.83	34.65	33.05	1.47
Recording 157	P21-W1	main_driving	3	main_driving	29423	210532	7414	570	13	200	4.93336	7	74.38	33.2	156.18	51.34	1.84	0.91	3.61	12.91	8075	254.69	40.06	40.06	0.91
Recording 384	P44-P1	main_driving	1	main_driving	3396	177535	281	281	1	281	4.26192	0													
Recording 384	P44-P1	main_driving	2	main_driving	862	191861	491	491	1	491	3.96481	0													
Recording 384	P44-P1	main_driving	3	main_driving	36055	202700	14526	393	37	250	4.59176	33	103.92	30.19	237.88	66.24	3.57	0.64	8.96	117.81	4729	203.96	47.49	39.62	5.28
Recording 356	P45-M1	main_driving	1	main_driving	521	235272	0		0			0													
Recording 356	P45-M1	main_driving	2	main_driving	130	251211	0		0			0													
Recording 356	P45-M1	main_driving	3	main_driving	11942	258134	7594	362	21	962	4.70683	14	50.05	30.1	103.61	21.46	1.16	0.5	4.35	16.28	1202	193.9	38.81	36.85	1.04
Recording 364	P46-W1	main_driving	1	main_driving	13895	229230	5079	508	10	90	4.20205	8	90	30.87	180.89	59.35	3.25	1.34	6.12	25.99	411	269.17	37.56	35.3	6.12
Recording038	P34-D1	main_driving	1	main_driving	64181	209445	26824	526	51	140	4.68257	37	116.53	30.39	309.59	80.6	5.21	1.26	12.43	192.84	7535	218.29	81.07	77.51	3.65
Recording 137	P20-W1	main_driving	1	main_driving	17271	225255	6532	167	39	60	5.71656	23	67.1	32.15	167.31	37.08	1.83	0.53	4.2	42.07	371	260.96	45.07	43.52	1.27
Recording 118	P15-M1	main_driving	1	main_driving	110	226404	0		0			0													
Recording 118	P15-M1	main_driving	2	main_driving	852	238025	571	190	3	140	4.97926	2	37.03	32.62	41.44	6.24	1.13	1.06	1.21	2.27	371	265.37	41.44	38.12	1.21
Recording 118	P15-M1	main_driving	3	main_driving	16039	257300	6903	182	38	130	5.50459	15	82.78	30.64	185.42	49.48	2.33	0.81	6.99	34.91	2935	97.53	64.7	58.05	3.01
Recording 11 (2)	P08-J1	main_driving	1	main_driving	20337	171375	8305	378	22	301	4.4897	20	108.14	30.82	425.53	106.57	4.54	0.63	19.92	90.73	751	261.79	101.84	101.34	2.16
Recording 10 (2)	P08-P1	main_driving	1	main_driving	14757	202112	9217	614	15	641	4.52915	11	111.51	32.56	323.56	107.8	4.69	1.02	11.06	51.55	5540	20.64	36.53	36.53	3.28
Recording 382	P44-M1	main_driving	1	main_driving	1202	223647	240	240	1	240	3.73758	2	118.85	79.01	158.7	56.34	2.48	1.81	3.15	4.96	271	256.15	79.01	57.26	1.81
Recording 382	P44-M1	main_driving	2	main_driving	15127	235258	1813	165	11	80	4.10564	4	116.1	36.71	340.25	149.51	3.16	1.05	8.97	12.64	501	152.54	340.25	168.16	8.97
Recording 382	P44-M1	main_driving	3	main_driving	25005	256667	14626	325	45	120	4.71118	34	122.89	31.74	296.46	75.3	4.05	0.58	10.51	137.87	200	110.87	73.65	51.91	0.89
Recording 144	P12-J1	main_driving	1	main_driving	28722	178774	15618	363	43	651	4.54139	31	130.61	30.57	277.56	72.07	4.23	1.27	9.24	131.02	5730	172.96	40.81	37.1	2.19
Recording 50	P10-P1	main_driving	1	main_driving	46163	211343	26488	260	102	140	3.91655	55	130.63	30.02	484.36	119.92	4.55	0.21	31.32	250.41	862	158.75	37.66	36.57	1.93
Recording 21	P03-D1	main_driving	1	main_driving	52435	205230	31658	646	49	60	3.81313	34	106.45	30.82	390.02	81.04	3.14	0.54	15.25	106.81	1763	344.31	36.42	36.42	0.69
Recording 237	P38-W1	main_driving	1	main_driving	1763	208351	1212	1212	1	1212	3.45499	0													
Recording 237	P38-W1	main_driving	2	main_driving	37768	216325	8245	258	32	100	3.36163	17	132.57	30.33	229.24	75.78	3.58	1.21	7.45	60.86	7914	24.73	176.23	75.27	3.74
Recording 7 (2)	P08-W1	main_driving	1	main_driving	1816	209654	1012	253	4	110	4.46434	2	34.54	30.02	39.07	6.4	2.94	2.48	3.4	5.88	1229	267.13	30.02	30.02	2.48
Recording 7 (2)	P08-W1	main_driving	2	main_driving	644	216877	80	80	1	80	5.11486	0													
Recording 7 (2)	P08-W1	main_driving	3	main_driving	21812	224040	16981	425	40	100	4.71518	36	108.68	30.65	255.95	55.93	2.88	0.64	8.17	103.74	487	307.89	30.76	30.76	2.74
Recording 352	P45-D1	main_driving	1	main_driving	58145	209338	30145	478	63	271	4.24216	47	122.02	30.08	607.53	121.33	4.66	0.4	23.04	219.02	3987	341.74	46.75	42.57	2.6
Recording 207	P27-J1	main_driving	1	main_driving	15508	180607	8385	399	21	481	4.59294	16	169.12	34.47	358.92	86.58	3.69	1.07	7.17	58.98	1382	257.68	53.69	53.69	5.85
Recording 104	P14-D1	main_driving	1	main_driving	64597	240432	35735	616	58	150	4.42455	37	105.03	32.05	324.72	66.45	3.22	0.57	8.24	119.2	2004	34.78	80.52	71.49	1.86
Recording 343	P29-D1	main_driving	1	main_driving	50812	207859	35444	443	80	160	3.78164	58	74.2	30.46	343.01	58.95	1.99	0.43	8.99	115.64	130	175.03	44.46	44.46	1.23
Recording 395	P48-P1	main_driving	1	main_driving	651	179008	0		0			0													
Recording 395	P48-P1	main_driving	2	main_driving	25426	196419	1292	92	14	120	4.63139	4	40.54	33.41	50.13	8.2	1.14	0.73	2.04	4.56	862	113.55	50.13	46.44	2.04
Recording018	P28-M1	main_driving	1	main_driving	280	231511	0		0			0													
Recording018	P28-M1	main_driving	2	main_driving	16910	258135	8035	402	20	240	3.66498	16	120.15	30.84	326.6	87.13	5.75	1.09	22.76	92.07	5737	225.18	32.79	32.79	7.99
Recording 190	P25-M1	main_driving	1	main_driving	13164	257854	4298	119	36	60	3.8092	19	101.84	32.46	302.55	72.93	2.64	0.61	7.76	50.25	2404	287.91	78.1	71.95	2.33
Recording027	P39-M1	main_driving	1	main_driving	20068	256198	6816	296	23	340	3.65932	13	73.4	31.2	357.83	86.35	2.92	0.79	16.15	37.95	2179	8.58	33.11	33.11	2.23
Recording 269	P24-M1	main_driving	1	main_driving	33521	240830	12152	506	24	761	4.75665	16	86.94	32.35	209.59	51.25	2.23	1.06	5.89	35.72	1793	82.91	32.35	31.92	1.06
Recording037	P34-M1	main_driving	1	main_driving	80	245884	0		0			0													
Recording037	P34-M1	main_driving	2	main_driving	47532	253160	25505	359	71	100	5.41427	49	142.36	30.4	430.64	113.05	5.4	0.59	18.03	264.42	180	284.24	32.77	32.77	0.71
Recording 41	P04-P1	main_driving	1	main_driving	922	173951	0		0			0													
Recording 41	P04-P1	main_driving	2	main_driving	731	191453	0		0			0													
Recording 41	P04-P1	main_driving	3	main_driving	18353	200720	9227	710	13	391	3.934	9	70.54	34.69	152.88	36.79	2.62	1.07	6.33	23.57	4358	216.78	102.03	75.78	2.6
Recording 75	P09-W2	main_driving	1	main_driving	6943	225026	4007	182	22	60	4.65184	14	102.49	30.85	394	101.23	1.63	0.7	3.34	22.82	431	251.04	31.9	31.9	1.71
Recording 396	P48-J1	main_driving	1	main_driving	471	147264	0		0			0													
Recording 396	P48-J1	main_driving	2	main_driving	190	157722	0		0			0													
Recording 396	P48-J1	main_driving	3	main_driving	15989	175755	0		0			0													
Recording019	P28-D1	main_driving	1	main_driving	62102	208664	12932	417	31	1539	3.52296	20	93.07	37.08	223.74	57.11	3.8	1.04	10.58	75.99	4337	162.51	76.08	67.11	1.52
Recording 305	P31-D1	main_driving	1	main_driving	51293	206371	21228	816	26	1753	3.46843	21	145.31	32.93	322.09	95.45	4.71	1.04	12.35	98.83	1623	31.13	33.85	32.87	1.32
Recording 211	P27-P1	main_driving	1	main_driving	12262	207099	7283	455	16	90	4.35761	13	114.36	51.29	235.51	56.34	3.16	1.41	6.68	41.06	2615	241.02	51.29	48.4	1.41
Recording 82	P11-P1	main_driving	1	main_driving	29704	230365	6562	212	31	240	3.51241	16	89.82	31.29	312.64	86.46	3.28	0.74	7.61	52.53	3536	292.43	32.76	32.76	2.72
Recording 18 (2)	P05-P1	main_driving	1	main_driving	731	176829	0		0			0													
Recording 18 (2)	P05-P1	main_driving	2	main_driving	36436	205321	17952	260	69	70	3.32296	54	119.5	30.59	336.05	81.5	3.68	0.64	13.71	198.72	3376	301.9	31.9	31.9	1.06
Recording 385	P44-J1	main_driving	1	main_driving	401	147622	0		0			1	94.98	94.98	94.98		3.05	3.05	3.05	3.05	280	224.02	94.98	60.81	3.05
Recording 385	P44-J1	main_driving	2	main_driving	571	167248	0		0			0													
Recording 385	P44-J1	main_driving	3	main_driving	14847	176445	6522	384	17	70	4.54922	16	113.99	30.07	215.05	49.19	3.05	1.1	6.72	48.8	2645	263.51	41.55	37.55	2.51
Recording 260	P22-M1	main_driving	1	main_driving	1052	237699	281	94	3	60	4.00205	0													
Recording 260	P22-M1	main_driving	2	main_driving	16330	264848	9818	179	55	60	4.14873	38	86.19	30.5	345.7	72.59	2.24	0.69	8.68	85.06	401	259.51	99.47	63.96	6.08
Recording 238	P38-M1	main_driving	1	main_driving	1282	226886	70	70	1	70	3.41817	1	41	41	41		1.72	1.72	1.72	1.72	1192	285.62	41	41	1.72
Recording 238	P38-M1	main_driving	2	main_driving	30014	237485	8075	288	28	220	3.36673	12	118.85	35.34	284.01	79.79	3.39	1.43	5.77	40.63	4668	273.49	58.92	41.69	3.96
Recording 228	P37-W1	main_driving	1	main_driving	3426	203705	190	190	1	190	4.28492	0													
Recording 228	P37-W1	main_driving	2	main_driving	821	215356	230	230	1	230	4.42543	0													
Recording 228	P37-W1	main_driving	3	main_driving	12863	222700	4819	301	16	150	4.70123	9	111.25	31.24	245.4	79.98	3.9	1.17	7.07	35.14	4608	272.53	31.24	31.24	1.17
Recording 106	P14-J1	main_driving	1	main_driving	271	148557	0		0			0													
Recording 106	P14-J1	main_driving	2	main_driving	130	157674	0		0			0													
Recording 106	P14-J1	main_driving	3	main_driving	31487	166910	8245	458	18	551	4.98664	13	111.46	30.04	235.58	57.87	4.29	1.54	6.85	55.74	17872	100.46	70.79	61.73	1.54
Recording 373	P35-P1	main_driving	1	main_driving	15157	210984	7183	266	27	70	3.96519	12	88.54	31.89	281.97	74.1	2.63	0.88	7.81	31.55	1372	277.7	31.89	31.89	1.08
Recording 345	P29-J1	main_driving	1	main_driving	631	144508	170	85	2	100	4.19918	1	32.69	32.69	32.69		0.71	0.71	0.71	0.71	471	210.81	32.69	32.69	0.71
Recording 345	P29-J1	main_driving	2	main_driving	361	156079	140	140	1	140	4.5034	0													
Recording 345	P29-J1	main_driving	3	main_driving	651	165927	140	70	2	60	4.07898	1	77.34	77.34	77.34		2.36	2.36	2.36	2.36	431	249.1	77.34	60.84	2.36
Recording 345	P29-J1	main_driving	4	main_driving	14787	174913	4889	489	10	872	3.84809	9	63.25	30.11	177.6	46.12	2.21	1.17	3.52	19.91	2525	290.44	63.87	56	2.62
Recording 40	P04-D1	main_driving	1	main_driving	57264	206253	31266	613	51	1483	3.43338	43	100.83	32.23	363.05	83.03	2.94	0.76	14.72	126.3	4658	177.44	88.22	61.48	2.34
Recording 271	P24-D2	main_driving	1	main_driving	54078	211099	25656	428	60	190	4.49422	37	73.82	30.39	276.54	67.91	2.24	0.6	10.44	82.95	1002	116.6	35.98	35.98	0.87
Recording 148	P12-P1	main_driving	1	main_driving	381	174014	0		0			0													
Recording 148	P12-P1	main_driving	2	main_driving	441	195312	0		0			0													
Recording 148	P12-P1	main_driving	3	main_driving	15779	203577	9167	573	16	60	4.7387	17	85.13	30.31	232.85	51.76	2.39	1.01	5.24	40.7	421	259.66	60.98	60.11	1.97
Recording 313	P41-W1	main_driving	1	main_driving	18353	231494	4057	116	35	100	4.57523	11	73.38	32.86	176.04	46.68	2.21	0.47	7.11	24.33	4568	309.41	129.77	89.64	2.91
Recording 8	P02-W1	main_driving	1	main_driving	1082	215230	0		0			0													
Recording 8	P02-W1	main_driving	2	main_driving	14005	225719	9567	563	17	60	3.81084	11	78.86	36.33	162.68	48.11	3.32	1.81	6.72	36.5	511	283.78	42.05	41.13	2.84
Recording 386	P44-W1	main_driving	1	main_driving	4228	195002	1332	266	5	220	3.78241	4	175.37	49.28	263.88	90.9	6.13	1.45	10.44	24.52	641	128.1	49.28	48.35	1.45
Recording 386	P44-W1	main_driving	2	main_driving	27951	213125	8295	361	23	200	4.45308	17	118.92	49.45	286.06	69.23	3.64	0.85	14.81	61.86	4588	197.22	286.06	174.73	14.81
Recording 259	P22-W1	main_driving	1	main_driving	220	211644	0		0			0													
Recording 259	P22-W1	main_driving	2	main_driving	20397	222885	11741	261	45	60	4.25467	27	96.45	30.36	281.24	77.36	2.94	0.37	9.12	79.45	3657	249.27	38.16	37.92	2.88
Recording 322	P32-J1	main_driving	1	main_driving	20918	179566	7233	226	32	160	4.34597	17	157.38	32.31	368.84	115.87	6.29	1.27	15.17	106.94	4418	177.61	103.27	71.61	3.99
Recording 114	P15-D2	main_driving	1	main_driving	65238	208696	38680	372	104	1062	4.76617	65	103.2	31.57	465.58	84.15	2.85	0.38	15.9	185.25	3046	191.7	68.49	51.29	1.96
Recording 87	P11-D1	main_driving	1	main_driving	18413	256906	10729	565	19	80	3.23407	9	116.07	47.15	217.21	59.92	4.2	0.66	7.2	37.82	2745	271.42	47.15	46.47	0.66
Recording 248	P16-J1	main_driving	1	main_driving	15338	177450	4929	176	28	90	4.75153	18	90.01	33.67	246.74	61.9	2.71	0.74	7.24	48.75	2324	233.41	62.98	45.67	1.16
Recording 334	P43-D1	main_driving	1	main_driving	50652	208415	24414	660	37	80	4.14499	23	143.85	30.77	374.88	120.16	4.46	1.08	13.73	102.57	4368	0.71	33.69	33.69	1.2
Recording 280	P42-J1	main_driving	1	main_driving	361	162381	0		0			0													
Recording 280	P42-J1	main_driving	2	main_driving	15328	180924	2114	151	14	200	5.66163	2	142.95	34	251.9	154.08	1	0.81	1.19	2	2494	277.48	34	34	0.81
Recording 103	P14-M1	main_driving	1	main_driving	52355	227230	14947	427	35	150	4.69347	28	130.57	35.95	276	76.13	3.79	0.6	9.51	106.01	521	204.27	207.94	146.3	4.11
Recording 251	P16-D1	main_driving	1	main_driving	82309	206211	53828	456	118	271	4.08858	97	135.66	30.96	368.53	82.39	4.43	0.5	12.93	430.09	2354	249.82	129.41	84.1	3.64
Recording 71	P09-D1	main_driving	1	main_driving	58967	211961	38069	363	105	1072	3.79674	76	129.41	31.49	305.27	76.47	4.66	0.61	15.08	354.4	3156	163.29	62.43	51.85	1.43
Recording 177	P19-D2	main_driving	1	main_driving	55911	206486	20196	374	54	70	3.10713	38	116.54	32.09	342.28	78.85	3.78	0.66	13.57	143.73	11010	130.54	34.87	33.53	0.96
Recording 325	P32-D1	main_driving	1	main_driving	50341	212949	25787	645	40	441	3.33553	38	107.49	31.27	245.33	63.46	3.21	0.55	9.91	121.92	491	24.18	39.83	36.96	1.45
Recording 166	P18-M1	main_driving	1	main_driving	1042	225810	0		0			0													
Recording 166	P18-M1	main_driving	2	main_driving	30185	241949	9227	288	32	150	4.45642	17	85.43	30.06	233.41	60.51	2.75	1.04	8.86	46.72	7183	233.29	54.53	46.42	2.13
Recording 128	P17-P1	main_driving	1	main_driving	3997	178294	0		0			0													
Recording 128	P17-P1	main_driving	2	main_driving	541	191649	0		0			0													
Recording 128	P17-P1	main_driving	3	main_driving	21930	199032	3887	125	31	130	3.95418	13	66.1	30.58	298.1	71.35	1.61	0.89	3.49	20.95	6983	1.62	38.62	38.62	1.68
Recording 95	P13-D1	main_driving	1	main_driving	59858	211471	33360	417	80	1984	3.89664	50	104.47	30.61	383.36	77.72	3.29	0.59	12.65	164.42	1923	45.14	45.49	41.15	2.09
Recording 179	P19-J1	main_driving	1	main_driving	942	165396	150	150	1	150	2.87982	1	46.1	46.1	46.1		1.41	1.41	1.41	1.41	791	271.47	46.1	46.1	1.41
Recording 179	P19-J1	main_driving	2	main_driving	32779	180443	15318	222	69	60	3.42365	45	77.22	30.54	250.18	50.09	2.18	0.53	7.66	98.04	5901	39.3	43.76	35.41	1.31
Recording 404	P33-D1	main_driving	1	main_driving	64957	208057	29073	393	74	371	4.66613	58	131.63	31.95	354.97	80.73	5	0.99	21.36	289.92	992	10.12	86.89	62.42	2.48
Recording 124	P17-J1	main_driving	1	main_driving	821	161154	90	90	1	90	5.12327	0													
Recording 124	P17-J1	main_driving	2	main_driving	16500	175911	2164	108	20	401	4.64387	6	88.87	49.49	192.13	52.74	2.85	1.13	5.34	17.08	2464	234.71	66.62	55.95	4.35
Recording 73	P09-J1	main_driving	1	main_driving	7203	180522	4979	415	12	110	5.49641	6	68.92	30.58	171.36	53.41	1.67	0.6	2.88	10.04	3576	261.15	171.36	111.28	2.48
Recording 147	P12-D1	main_driving	1	main_driving	56903	209701	20768	561	37	210	4.06514	38	130.55	31.64	333.52	84.16	3.74	0.78	12.77	142.08	110	207.95	78.03	72.54	2.08
Recording 324	P32-M1	main_driving	1	main_driving	14065	280749	8546	427	20	100	3.92639	17	98.73	33.79	244.42	59.05	2.99	1.61	8.13	50.78	1372	176.51	80.62	74.89	1.61
Recording 8 (2)	P08-M1	main_driving	1	main_driving	721	224969	0		0			0													
Recording 8 (2)	P08-M1	main_driving	2	main_driving	671	242771	0		0			0													
Recording 8 (2)	P08-M1	main_driving	3	main_driving	471	251867	190	190	1	190	4.85259	0													
Recording 8 (2)	P08-M1	main_driving	4	main_driving	15748	257428	7965	531	15	741	4.58296	16	109.69	37.49	282.54	72.08	3.43	0.96	8.83	54.93	1653	236.48	39.49	35.83	3.13
Recording 323	P32-W1	main_driving	1	main_driving	21399	225204	12914	349	37	531	3.74487	24	122.14	32.69	302.29	76.77	3.92	1.15	11.62	94.14	5280	194.95	100.37	75.08	2.34
Recording 17 (2)	P05-D1	main_driving	1	main_driving	58987	221602	28642	636	45	3036	2.83615	37	133.08	31.27	318.54	90.25	4.3	0.73	11.05	159.1	751	44.07	72.39	50.11	6.16
Recording 294	P40-M1	main_driving	1	main_driving	9898	258265	240	120	2	60	3.33786	4	117.68	30.8	207.87	75.29	4.23	3.11	6.01	16.94	431	235.38	30.8	30.8	3.11
Recording031	P39-W1	main_driving	1	main_driving	15071	229830	9694	539	18	100	3.87208	7	61.01	39.68	100.05	19.79	2.97	1.23	5.62	20.79	400	242.58	57.42	44.01	4.26
Recording 107	P14-W1	main_driving	1	main_driving	45893	196141	8435	402	21	250	4.68907	13	106.03	30.96	225.04	65.55	3.13	0.85	7.88	40.66	14606	87.48	71.57	55.97	3.73
Recording 302	P31-J1	main_driving	1	main_driving	18774	177177	7834	270	29	110	4.17609	20	94.4	30.24	265.97	71.47	3.3	0.97	14.09	66.02	3396	277.99	43.4	43.4	2.34
Recording 200	P26-M1	main_driving	1	main_driving	7934	266162	4849	606	8	90	4.12179	5	82.62	30.81	128.3	42.23	2.2	0.92	3.92	11.01	431	255.11	30.81	30.81	2.32
Recording 9	P08-D1	main_driving	1	main_driving	54859	218953	35755	511	70	6913	4.2986	53	117.24	30.81	345.99	79.23	3.83	0.51	12.89	203.07	5310	214.94	141.56	103.35	1.54
Recording 227	P37-J1	main_driving	1	main_driving	260	159052	80	80	1	80	4.62748	0													
Recording 227	P37-J1	main_driving	2	main_driving	12553	186382	5780	289	20	190	4.73836	12	123.2	30.31	336.38	87.55	3.48	0.67	7.56	41.78	3717	308.72	30.31	30.31	1.15
Recording 10 (3)	P50-M1	main_driving	1	main_driving	13394	257294	7824	489	16	80	4.35309	15	88.31	32.35	173.79	31.96	2.81	1.05	5.56	42.16	3496	253.59	32.35	32.35	4.3
Recording 283	P42-D1	main_driving	1	main_driving	60189	209416	29533	484	61	5871	4.79918	40	175.37	35.32	417.71	85.87	5.33	1.39	15.24	213.08	511	199.41	52.09	46.86	1.39
Recording 7 (3)	P50-P1	main_driving	1	main_driving	431	200248	0		0			0													
Recording 7 (3)	P50-P1	main_driving	2	main_driving	21138	211538	7954	442	18	60	4.60778	17	115.05	34.65	357.41	89.32	3.59	0.77	12.18	61.04	301	273.77	36.21	34.98	2.44
Recording 201	P26-D1	main_driving	1	main_driving	56953	209336	21869	911	24	1212	3.4216	24	116.17	30.52	379.7	94.46	3.28	0.27	14.61	78.75	1893	348.78	379.7	176.88	0.27
Recording 375	P35-W1	main_driving	1	main_driving	14226	223528	9457	270	35	240	3.96049	20	58.75	30.04	172.21	38.35	1.75	0.58	6.3	35.01	411	287.5	66.57	43.91	3.2
Recording 33	P07-P1	main_driving	1	main_driving	14937	202844	6812	619	11	331	3.98716	3	94.41	32.76	175.83	73.56	2.68	0.98	4.99	8.03	1913	147.18	32.76	32.76	0.98
Recording 301	P31-P1	main_driving	1	main_driving	23172	203407	11330	324	35	100	4.02703	29	122.82	32.87	324.15	65	4.1	0.8	15.73	119.03	6742	196.54	84.82	59.22	2.68
Recording 231	P37-P1	main_driving	1	main_driving	574	169179	210	210	1	210	4.24826	0													
Recording 231	P37-P1	main_driving	2	main_driving	10842	182243	2354	214	11	180	4.6768	2	82.53	75.66	89.4	9.72	1.49	1.46	1.52	2.98	9544	300.63	75.66	75.66	1.52
Recording 303	P31-W1	main_driving	1	main_driving	18834	225852	10930	288	38	100	4.14373	25	113.24	30.01	327.34	86.91	4.15	0.89	11.9	103.67	270	282.73	30.45	30.38	1.38
Recording 218	P23-M1	main_driving	1	main_driving	441	227562	0		0			0													
Recording 218	P23-M1	main_driving	2	main_driving	11741	258548	4508	225	20	60	6.23352	14	90.32	30.54	182.09	53.75	2.7	1.04	4.82	37.78	3426	276.72	81.31	68.64	3.45
Recording 258	P22-J1	main_driving	1	main_driving	561	151412	341	114	3	70	4.40318	2	89.94	41.31	138.56	68.77	1.67	1.21	2.13	3.34	210	290.57	41.31	36.27	1.21
Recording 258	P22-J1	main_driving	2	main_driving	18423	178611	13645	227	60	80	4.27697	32	78.96	33.45	185.76	46.53	2.23	0.58	7.35	71.51	381	231.76	35.11	35.11	1.9
Recording 145	P12-W1	main_driving	1	main_driving	1162	214751	431	431	1	431	4.24791	1	34.57	34.57	34.57		1.67	1.67	1.67	1.67	561	234.44	34.57	32.9	1.67
Recording 145	P12-W1	main_driving	2	main_driving	14236	231421	7664	639	12	70	4.79328	7	85.94	36.09	143.88	36.68	2.07	0.66	3.79	14.49	7694	168.13	143.88	97.82	2.05
Recording040	P34-J1	main_driving	1	main_driving	12033	175104	4357	272	16	140	6.27084	11	89.19	32.31	252.73	73.71	4.57	1.08	10.08	50.29	6336	263.35	74.51	54.38	5.27
Recording 188	P25-J1	main_driving	1	main_driving	14306	177404	4949	183	27	100	3.70155	9	96.2	31.99	312.08	94.41	2.56	0.28	9.55	23.06	5700	308.16	43.46	37.06	1.29
Recording 199	P26-W1	main_driving	1	main_driving	1242	211584	631	631	1	631	3.81474	0													
Recording 199	P26-W1	main_driving	2	main_driving	6482	229346	1423	711	2	1212	4.37785	2	68.18	41.52	94.83	37.7	1.36	0.85	1.86	2.72	2805	294.53	41.52	41.06	0.85
Recording 187	P25-P1	main_driving	1	main_driving	12262	176077	60	60	1	60	3.38397	0													
Recording 187	P25-P1	main_driving	2	main_driving	1583	194570	0		0			0													
Recording 187	P25-P1	main_driving	3	main_driving	30245	206892	9317	245	38	150	3.84037	22	89.93	30.74	285.68	69.51	2.49	0.57	9.34	54.8	6662	215.54	33.31	33.31	0.63
Recording 30	P07-W1	main_driving	1	main_driving	13094	224261	4879	271	18	571	3.90438	10	53.96	36.99	92.44	20.7	1.74	0.59	2.75	17.41	1082	85.66	46.9	42.19	2.67
Recording 85	P11-W1	main_driving	1	main_driving	14416	232848	8616	227	38	270	3.76081	21	62.23	32.21	266.91	50.21	1.51	0.55	5.93	31.78	1433	264.93	33.09	33.09	1.32
Recording017	P28-W1	main_driving	1	main_driving	3818	215882	700	233	3	400	3.8207	1	62.28	62.28	62.28		6.92	6.92	6.92	6.92	3418	244.31	62.28	45.93	6.92
Recording017	P28-W1	main_driving	2	main_driving	28283	228454	15051	358	42	120	3.69837	30	137.03	30.37	363.52	86.68	6.84	1.89	23.59	205.33	220	261.01	30.37	30.37	2.84
Recording 197	P26-P1	main_driving	1	main_driving	25206	219996	13214	508	26	731	4.15068	19	107.34	34.95	250.72	65.93	3.13	0.68	8.48	59.46	2805	225.05	92.63	63.8	4.06
Recording 304	P31-M1	main_driving	1	main_driving	17862	254951	10148	597	17	2955	3.84051	16	129.76	43.2	292.65	70.14	4.64	1.03	13.89	74.24	2775	253.35	43.2	36.77	5.58
Recording 416	P47-P1	main_driving	1	main_driving	18413	223726	10920	475	23	581	3.10553	19	142.51	39.93	403.39	106	4.22	0.77	14.79	80.24	1202	292.85	61.48	52.73	0.77
Recording 127	P17-D1	main_driving	1	main_driving	60170	211622	12042	110	109	100	3.49769	25	65.1	30.92	155.03	34.53	1.1	0.12	2.34	27.45	4499	15.59	63.49	63.49	1.37
Recording 178	P19-P1	main_driving	1	main_driving	4648	183648	270	90	3	120	2.81852	1	72.35	72.35	72.35		2.96	2.96	2.96	2.96	4328	349.67	72.35	51.41	2.96
Recording 178	P19-P1	main_driving	2	main_driving	38890	207832	11110	188	59	60	3.51742	31	112.69	30.03	385.71	85.87	3.49	0.32	11.07	108.21	571	274.71	57.51	47.42	1.74
Recording 115	P15-P1	main_driving	1	main_driving	4208	189541	671	671	1	671	4.71425	0													
Recording 115	P15-P1	main_driving	2	main_driving	2785	203346	2424	404	6	60	4.75877	4	53.51	34.13	91.43	26.42	1.68	1.15	1.9	6.72	130	283.02	36.88	36.88	1.9
Recording 115	P15-P1	main_driving	3	main_driving	34332	219025	15088	186	81	301	5.68231	40	71.73	30.83	203.4	46.33	1.88	0.5	7.15	75.35	641	77.78	36.55	34.27	0.59
Recording 94	P13-M1	main_driving	1	main_driving	2444	230658	912	152	6	70	4.59392	2	99.97	76.39	123.54	33.34	2.41	1.56	3.26	4.82	431	282.15	123.54	71.8	3.26
Recording 94	P13-M1	main_driving	2	main_driving	511	241558	240	120	2	80	4.47209	0													
Recording 94	P13-M1	main_driving	3	main_driving	40	248090	0		0			0													
Recording 94	P13-M1	main_driving	4	main_driving	761	259020	601	200	3	80	4.44476	2	51.1	44.1	58.11	9.91	1.58	1.42	1.74	3.16	170	103.16	58.11	43.46	1.74
Recording 94	P13-M1	main_driving	5	main_driving	20056	264800	9016	392	23	80	4.81055	16	89.51	33	164.36	43.18	3.21	1.26	4.99	51.28	170	102.36	121.3	89.58	4.09
Recording 72	P09-P1	main_driving	1	main_driving	391	196127	120	120	1	120	4.92809	0													
Recording 72	P09-P1	main_driving	2	main_driving	10689	218528	3667	262	14	140	4.97684	9	116.5	34.25	173.32	55.42	3.69	1.39	6.72	33.23	4268	216.01	168.49	101.69	3.12
Recording 374	P35-J1	main_driving	1	main_driving	12122	176923	7253	330	22	70	4.01784	15	52.9	30.31	101.8	26.31	1.39	0.87	2.29	20.82	1954	317.11	32.18	32.18	1.13
Recording 61	P06-J2	main_driving	1	main_driving	521	147940	281	140	2	120	4.22812	1	134.26	134.26	134.26		3.38	3.38	3.38	3.38	270	204.31	134.26	98.79	3.38
Recording 61	P06-J2	main_driving	2	main_driving	3236	157236	1112	185	6	90	3.91916	2	107.39	55.55	159.24	73.32	2.17	1.69	2.64	4.34	200	115.65	159.24	103.47	2.64
Recording 61	P06-J2	main_driving	3	main_driving	27269	168286	10038	251	40	60	3.89528	21	106.23	31.29	287.45	76.89	2.58	0.53	5.85	54.23	9297	99.87	37.51	37.35	0.75
Recording 165	P18-W1	main_driving	1	main_driving	491	204004	0		0			0													
Recording 165	P18-W1	main_driving	2	main_driving	681	214513	0		0			1	103.92	103.92	103.92		3.37	3.37	3.37	3.37	421	160.3	103.92	77.29	3.37
Recording 165	P18-W1	main_driving	3	main_driving	19315	227256	7974	235	34	60	4.32245	18	117.55	33.98	344.14	88.66	2.89	0.81	8.52	51.96	7003	328.9	38.63	38.63	1.27
Recording 189	P25-W1	main_driving	1	main_driving	5119	196431	150	150	1	150	3.93185	0													
Recording 189	P25-W1	main_driving	2	main_driving	24134	220344	10779	327	33	80	3.34488	22	86.65	31.44	283.33	60.23	2.39	0.77	5.44	52.57	4047	218.96	99.89	63.15	3.19
Recording 159	P21-D1	main_driving	1	main_driving	58225	236828	30715	558	55	160	4.33403	31	93.42	36.52	303.71	74.66	2.56	0.02	11.92	79.44	2284	1.62	37.82	37.82	1.67
Recording 354	P45-J1	main_driving	1	main_driving	641	169853	0		0			0													
Recording 354	P45-J1	main_driving	2	main_driving	13144	177917	6642	664	10	180	4.89864	6	74.58	34.66	197.15	61.88	2.93	1.33	8.39	17.58	1944	34.15	35.6	34.88	1.43
Recording 39	P04-M1	main_driving	1	main_driving	6933	226450	761	381	2	361	3.68312	4	134.72	56.2	243.11	90.84	3.7	1.05	7.53	14.8	60	154.38	176.34	103.15	4.75
Recording 39	P04-M1	main_driving	2	main_driving	9006	239003	70	70	1	70	3.58862	1	85.22	85.22	85.22		2.6	2.6	2.6	2.6	2244	7.6	85.22	69.8	2.6
Recording 39	P04-M1	main_driving	3	main_driving	23082	258829	12052	389	31	511	4.01349	32	157.83	30.92	432.84	95.25	4.61	1.07	9.8	147.59	1102	283.22	40.6	38.36	4.43
Recording 210	P27-D1	main_driving	1	main_driving	57264	209504	22461	261	86	331	3.60975	56	131.31	30.14	435.64	94.53	4.16	0.5	16.7	232.81	150	13.63	45.29	37.73	1.44
Recording 22	P03-P1	main_driving	1	main_driving	1393	174486	0		0			0													
Recording 22	P03-P1	main_driving	2	main_driving	2605	182190	0		0			0													
Recording 22	P03-P1	main_driving	3	main_driving	10	193561	0		0			0													
Recording 22	P03-P1	main_driving	4	main_driving	14366	200243	4719	169	28	331	4.6954	12	62.14	31.45	214.95	51.94	1.54	0.67	5.71	18.42	2464	0.45	31.45	31.4	0.7
Recording 403	P33-M1	main_driving	1	main_driving	40	229098	0		0			0													
Recording 403	P33-M1	main_driving	2	main_driving	14546	258351	2935	113	26	70	5.86292	7	68.65	34.41	125.03	33.93	1.79	0.71	4.11	12.5	5610	121.14	93.22	74.03	2.82
Recording 414	P47-M1	main_driving	1	main_driving	13314	254542	4558	570	8	60	3.11228	8	52.64	30.89	82.87	20.33	1.83	0.59	2.72	14.63	2755	259.71	57.12	44.6	2.72
Recording 315	P41-D1	main_driving	1	main_driving	48177	207613	26317	306	86	972	3.75563	54	131.39	30.23	299.64	81.09	3.83	0.62	13.65	206.67	2274	78.18	30.23	30.23	0.62
Recording 217	P23-W1	main_driving	1	main_driving	15899	198983	691	99	7	60	5.79725	2	62.42	56.93	67.91	7.77	1.37	1.29	1.44	2.73	10890	175.39	56.93	52.87	1.29
Recording 217	P23-W1	main_driving	2	main_driving	431	220873	240	80	3	80	5.91932	2	55.68	31.08	80.27	34.79	1.86	1.2	2.52	3.73	190	50.53	80.27	64.72	2.52
Recording 217	P23-W1	main_driving	3	main_driving	11651	229268	4208	234	18	160	5.7182	7	85.62	34.54	210.48	80.14	1.87	0.75	4.49	13.08	611	347.98	35.47	34.43	0.98
Recording 344	P29-P1	main_driving	1	main_driving	571	172401	160	160	1	160	3.91997	0													
Recording 344	P29-P1	main_driving	2	main_driving	591	182369	180	90	2	100	3.40958	0													
Recording 344	P29-P1	main_driving	3	main_driving	852	190905	281	140	2	120	3.60402	2	41.24	34.41	48.06	9.65	1.12	1.01	1.23	2.24	521	269.81	48.06	45.68	1.23
Recording 344	P29-P1	main_driving	4	main_driving	25055	198298	4458	372	12	220	4.22765	9	50.97	34.86	103.44	22.58	1.57	0.91	3.11	14.13	491	9.71	103.44	69.88	1.89
Recording 412	P47-J1	main_driving	1	main_driving	43726	179635	17041	189	90	60	2.97932	46	67.9	30.05	237.51	55.69	1.47	0.22	7.55	67.72	5437	290.45	43.49	43.49	0.63
Recording 126	P17-M1	main_driving	1	main_driving	561	231820	170	85	2	90	4.28103	1	30.92	30.92	30.92		1.15	1.15	1.15	1.15	411	255.29	30.92	30.92	1.15
Recording 126	P17-M1	main_driving	2	main_driving	611	244693	0		0			0													
Recording 126	P17-M1	main_driving	3	main_driving	16360	257296	3907	130	30	80	4.17183	11	116.37	30.66	303.88	89.14	3.44	0.57	11.42	37.86	3416	255.09	31.96	31.96	2.7
Recording 29	P07-J1	main_driving	1	main_driving	13605	176390	3607	225	16	70	4.07966	8	38.56	33.26	45.36	4.49	1.12	0.52	1.87	8.96	3987	172.92	33.26	33.26	0.52
Recording 229	P37-M1	main_driving	1	main_driving	441	228735	80	80	1	80	4.56847	0													
Recording 229	P37-M1	main_driving	2	main_driving	29513	238493	5480	261	21	80	4.70897	18	54.77	30.65	90.84	20.33	1.83	0.88	3.49	33.02	4248	256.13	34.18	33.41	1.9
Recording 64	P06-D1	main_driving	1	main_driving	62393	201888	29584	448	66	140	3.45403	41	128.85	32.76	382.24	85.09	3.31	0.42	8.07	135.74	8706	340.75	44.09	43.35	1.59
Recording 314	P41-M1	main_driving	1	main_driving	13985	255141	5540	222	25	100	4.5987	16	117.69	33.17	365.54	79.76	3.71	0.95	10.8	59.34	2404	175.04	149.67	90.21	4.46
Recording 241	P38-J1	main_driving	1	main_driving	511	149191	240	240	1	240	3.18335	1	32.92	32.92	32.92		1.34	1.34	1.34	1.34	230	245.46	32.92	32.92	1.34
Recording 241	P38-J1	main_driving	2	main_driving	691	158598	220	220	1	220	3.40825	2	36.96	34.13	39.79	4	1.7	1.23	2.18	3.41	341	281.08	34.13	34.13	1.23
Recording 241	P38-J1	main_driving	3	main_driving	541	172694	170	170	1	170	3.48239	0													
Recording 241	P38-J1	main_driving	4	main_driving	9327	179867	1232	246	5	100	3.48105	5	100.62	30.5	213.96	76.88	3.39	1.64	7.92	16.95	1913	192.9	144.78	88.78	2.24
Recording 97	P13-J1	main_driving	1	main_driving	15478	180368	6782	377	18	70	5.02299	15	144.28	30.09	457.13	140.09	5.17	1.26	18.58	77.54	361	276.46	39.85	37.4	2.03
Recording 240	P38-P1	main_driving	1	main_driving	942	180140	501	501	1	501	3.12934	0													
Recording 240	P38-P1	main_driving	2	main_driving	601	187182	351	175	2	180	3.24978	1	32.26	32.26	32.26		2.51	2.51	2.51	2.51	391	231.42	32.26	32.26	2.51
Recording 240	P38-P1	main_driving	3	main_driving	16089	199384	6792	377	18	150	3.36376	11	72.1	33.83	196.98	55.98	2.66	0.69	6.4	29.27	250	260.48	47.9	43.18	2.91
Recording 117	P15-W1	main_driving	1	main_driving	962	203779	100	100	1	100	4.48789	1	114.42	114.42	114.42		2.94	2.94	2.94	2.94	751	29.45	114.42	80.82	2.94
Recording 117	P15-W1	main_driving	2	main_driving	12483	224887	5781	214	27	671	5.56303	13	52.58	31.21	146.39	31.58	1.33	0.52	5.03	17.34	3647	255.35	33.3	32.3	0.83
Recording 146	P12-M1	main_driving	1	main_driving	3206	223162	801	200	4	441	4.18225	2	31.12	30.42	31.82	0.99	0.66	0.66	0.66	1.32	2695	97.44	30.42	30.42	0.66
Recording 146	P12-M1	main_driving	2	main_driving	671	245172	130	65	2	60	3.92452	0													
Recording 146	P12-M1	main_driving	3	main_driving	11621	258706	5560	428	13	190	4.5139	13	164.49	56.63	292.31	71	5.18	0.78	12.22	67.32	3797	147.39	56.63	51.96	0.78
Recording 405	P33-P1	main_driving	1	main_driving	12593	217822	1332	89	15	80	5.66822	3	146.19	95.16	213.31	60.7	2.22	1.26	2.7	6.66	3687	156.94	130.09	64.01	1.26
Recording029	P39-P1	main_driving	1	main_driving	13352	203827	9274	273	34	180	3.79052	24	60.33	34.32	117.55	19.21	1.81	0.61	5.82	43.39	2299	300.39	34.32	34.32	3.45
Recording 42	P04-J1	main_driving	1	main_driving	862	152536	210	210	1	210	4.92849	1	31.9	31.9	31.9		2.23	2.23	2.23	2.23	461	282.94	31.9	31.9	2.23
Recording 42	P04-J1	main_driving	2	main_driving	20477	164298	7053	641	11	110	3.80868	8	124.31	33.37	240.66	61.93	4.15	0.87	7.76	33.16	291	268.55	33.37	33.37	3.47
Recording 19 (2)	P05-J1	main_driving	1	main_driving	18704	169863	9547	477	20	150	3.10455	13	74.18	30.14	176.25	44.5	1.89	0.56	5.89	24.6	9768	276.58	56.86	54.33	1.97
Recording 362	P46-P1	main_driving	1	main_driving	19485	205866	11661	389	30	200	4.34575	9	89.88	35.04	206.88	70.45	3.38	1.42	8.35	30.46	391	282.45	36.63	36.63	2.06
Recording 53	P10-M1	main_driving	1	main_driving	361	223408	0		0			0													
Recording 53	P10-M1	main_driving	2	main_driving	441	233877	0		0			0													
Recording 53	P10-M1	main_driving	3	main_driving	13815	255145	9597	355	27	110	4.27784	17	78.58	30.77	190.61	47.46	2.41	0.58	5.88	40.96	661	249.05	36.87	35.56	2.7
Recording021	P28-J1	main_driving	1	main_driving	15411	189055	9874	429	23	500	3.55444	17	152.27	45.41	327.62	85.93	6.31	1.63	12.71	107.31	4457	187.74	85.26	58.97	1.63
Recording 274	P24-W1	main_driving	1	main_driving	39832	218915	11901	476	25	80	4.50417	14	57.24	34.05	177.18	42.12	2.1	0.86	5.06	29.35	551	252.77	44.86	40.29	0.86
Recording 392	P48-W1	main_driving	1	main_driving	3206	213711	0		0			0													
Recording 392	P48-W1	main_driving	2	main_driving	31798	225031	180	90	2	70	4.59095	0													
Recording 96	P13-P1	main_driving	1	main_driving	551	182526	250	250	1	250	4.50903	0													
Recording 96	P13-P1	main_driving	2	main_driving	491	196792	0		0			0													
Recording 96	P13-P1	main_driving	3	main_driving	14186	213662	5109	301	17	180	4.96332	14	149.47	34.74	345.56	85.93	3.8	0.78	8.13	53.18	2795	262.47	57.48	57.38	3.02
Recording 366	P46-D1	main_driving	1	main_driving	63114	209856	35044	381	92	431	3.95306	41	86.04	30.95	230.81	51.27	2.76	0.55	10.27	113.28	7844	198.35	39.66	39.66	1.3
Recording 353	P45-P1	main_driving	1	main_driving	10499	215273	5169	470	11	581	4.72021	10	76.99	30.88	367.25	102.83	1.65	0.57	3.54	16.46	801	265.26	367.25	171.99	3.54
Recording 11	P02-D1	main_driving	1	main_driving	49089	206698	32519	533	61	1573	3.24168	25	139.75	32.66	686.18	152.57	3.69	0.62	12.43	92.14	2625	61.12	41.2	40.8	1.12
Recording 413	P47-W1	main_driving	1	main_driving	14717	224995	9828	655	15	70	3.01076	13	84.37	30.31	234.51	63.39	3	0.57	12.3	39	1954	301.17	49.84	47.43	2.01
Recording 134	P20-D1	main_driving	1	main_driving	72847	210425	35154	378	93	250	4.21373	63	162.85	30.19	395.63	111.38	5.1	0.59	16.69	321.35	1673	217.89	32.23	31.15	0.86
Recording 208	P27-W1	main_driving	1	main_driving	1443	271306	932	311	3	210	3.42903	1	56.09	56.09	56.09		2.99	2.99	2.99	2.99	1312	276.06	56.09	48.14	2.99
Recording 208	P27-W1	main_driving	2	main_driving	20537	290550	8235	412	20	100	4.17425	17	126	39.22	286.38	76.87	3.64	0.77	10.18	61.96	331	106.83	128.98	88.02	2.9
Recording 116	P15-J1	main_driving	1	main_driving	10	155483	0		0			0													
Recording 116	P15-J1	main_driving	2	main_driving	1142	165031	541	90	6	70	5.70375	3	60.38	34.43	107.2	40.62	1.84	1.37	2.74	5.51	220	279.26	107.2	70.09	2.74
Recording 116	P15-J1	main_driving	3	main_driving	26969	179457	8064	158	51	110	6.01816	18	83.81	30.05	167.81	48.77	2.34	0.62	7.49	42.04	6442	324.84	56.06	48.84	0.67
Recording 180	P19-W1	main_driving	1	main_driving	601	194040	140	140	1	140	2.60323	0													
Recording 180	P19-W1	main_driving	2	main_driving	19956	228853	4498	141	32	60	3.65439	8	112.04	31.44	183.12	49.97	3.18	1.13	6.93	25.42	2485	327.19	31.44	31.44	1.13
Recording 219	P23-D1	main_driving	1	main_driving	61792	208857	34472	627	55	611	4.41002	33	116.23	30.5	393.22	77.62	3.68	0.59	14.8	121.45	3436	200.25	151.19	103.71	3.65
Recording 239	P38-D1	main_driving	1	main_driving	42938	208820	18894	484	39	3456	3.21701	14	242.59	44.98	572.29	174.79	6.42	0.37	25.82	89.93	5891	245.93	572.29	257.51	25.82
Recording 393	P48-M1	main_driving	1	main_driving	100	234121	0		0			0													
Recording 393	P48-M1	main_driving	2	main_driving	36346	240633	220	73	3	80	4.00772	0													
Recording 281	P42-W1	main_driving	1	main_driving	50	199972	0		0			0													
Recording 281	P42-W1	main_driving	2	main_driving	14075	206934	1713	343	5	90	5.04933	3	35.13	30.66	39.52	4.43	1.13	0.82	1.35	3.39	3316	59.23	30.66	30.66	0.82
Recording 281	P42-W1	main_driving	3	main_driving	12002	230837	1072	107	10	60	5.24859	2	59.51	59.5	59.53	0.03	1.86	1.46	2.27	3.73	972	236.37	59.5	49.34	2.27
Recording 262	P22-P1	main_driving	1	main_driving	20200	215586	9868	176	56	90	4.06316	30	106.75	34.18	367.43	86.65	1.98	0.37	5.97	59.44	573	293.59	64.78	40.82	2.81
Recording 6 (3)	P50-D1	main_driving	1	main_driving	58225	207611	26829	426	63	892	4.1471	52	130.78	31.48	394.99	88.91	4.3	0.67	16.31	223.65	761	208.97	65.21	59.73	0.98
Recording 52	P10-W1	main_driving	1	main_driving	12322	227751	7914	440	18	110	4.19254	8	66.83	32.64	120.36	32.78	2.02	0.67	3.75	16.14	341	127.83	55.6	46.93	3.54
Recording 186	P25-D1	main_driving	1	main_driving	66641	222084	23102	413	56	1352	3.04641	30	131.24	30.33	397	106.17	4.5	0.67	19.65	135.03	3046	187.78	71.35	54.69	1.82
Recording 293	P40-W1	main_driving	1	main_driving	11541	225690	2294	382	6	100	3.52817	6	57	31.48	109.02	30	2.49	1.51	3.46	14.96	491	55.71	31.48	31.48	2.17
Recording 406	P33-J1	main_driving	1	main_driving	8976	179563	2565	112	23	70	5.76963	7	83.71	51.01	121.33	28.18	1.32	0.54	1.89	9.24	711	313.44	51.01	46.38	1.05
Recording 105	P14-P1	main_driving	1	main_driving	41766	197224	11441	381	30	140	4.51862	18	98.96	30.55	297.73	81.21	3.16	1.15	7.12	56.83	5370	308.33	42.07	42.07	1.76
Recording 326	P32-P1	main_driving	1	main_driving	13104	209220	7063	336	21	70	3.95078	17	62.09	32.84	105.19	23.61	2	0.79	3.11	34.03	1352	27.2	80.93	61.37	2.32
Recording028	P39-D1	main_driving	1	main_driving	57845	209285	17310	298	58	300	3.34475	39	86.66	33.7	320.86	60.67	3.78	0.73	23.03	147.44	100	46.62	41.78	41.78	0.89
Recording 84	P11-J1	main_driving	1	main_driving	20657	182944	5991	146	41	120	3.68785	22	66.59	30.44	176.39	42.44	2.14	0.54	5.44	47.08	852	280.24	51.76	40.03	3.3
Recording 175	P19-M1	main_driving	1	main_driving	2925	233580	431	86	5	60	2.84944	0													
Recording 175	P19-M1	main_driving	2	main_driving	2024	258566	531	106	5	80	2.80844	3	166.3	35.69	396.9	200.29	6.28	1.41	16.01	18.84	661	178.62	396.9	236.12	16.01
Recording 175	P19-M1	main_driving	3	main_driving	9127	266490	2224	139	16	281	3.90625	5	61.63	32	114.77	33.64	1.21	0.79	1.58	6.03	501	6.62	64.58	46.13	1.58
Recording 20 (2)	P05-W1	main_driving	1	main_driving	521	188345	0		0			1	54.89	54.89	54.89		4.41	4.41	4.41	4.41	230	237.22	54.89	42.21	4.41
Recording 20 (2)	P05-W1	main_driving	2	main_driving	15288	220753	7694	405	19	140	3.46077	15	62.48	30.51	207.11	50.8	2.21	0.53	5.09	33.18	511	256.72	32.45	31.71	2.27
Recording 250	P16-M1	main_driving	1	main_driving	12202	259124	5650	217	26	80	4.67885	15	71.11	33.56	150.77	39.77	2.13	0.76	5.2	31.91	421	277.2	41.21	37.27	2.46
Recording 168	P18-P1	main_driving	1	main_driving	922	199158	0		0			0													
Recording 168	P18-P1	main_driving	2	main_driving	441	206652	0		0			0													
Recording 168	P18-P1	main_driving	3	main_driving	16370	221880	7323	262	28	60	4.12949	16	104.33	43.34	294.74	73.95	3.02	1.09	12.48	48.28	801	94.29	90.88	66.92	2.2
Recording 169	P18-J1	main_driving	1	main_driving	3576	166142	110	110	1	110	5.24895	0													
Recording 169	P18-J1	main_driving	2	main_driving	14717	174908	5911	281	21	200	4.30003	13	102.74	35.79	248.7	58.07	3.31	1.19	6.87	43.02	411	282.04	39.36	39.36	1.78
Recording 336	P43-J1	main_driving	1	main_driving	17842	177651	9577	416	23	431	5.01556	19	124.84	33.29	344.9	90.25	3.86	1.25	10.87	73.3	2134	240.7	33.29	32.5	3.57
Recording 136	P20-J1	main_driving	1	main_driving	14867	188703	9157	295	31	240	5.41492	25	116.36	31.89	207.48	47.8	3.38	0.53	6.29	84.59	811	208.81	33.56	33.56	2.24
Recording 355	P45-W1	main_driving	1	main_driving	2725	199002	190	95	2	80	4.27473	0													
Recording 355	P45-W1	main_driving	2	main_driving	601	221363	271	135	2	130	4.47045	2	47.57	44.2	50.95	4.77	1.98	1.77	2.18	3.96	280	281.35	50.95	41.25	2.18
Recording 355	P45-W1	main_driving	3	main_driving	8626	228416	2424	346	7	1142	4.64084	6	112.55	70.62	175.25	38.49	3.19	1.38	6.01	19.14	4408	104.19	105.83	75.01	2.01
Recording 23	P03-J1	main_driving	1	main_driving	23062	137765	140	140	1	140	4.04211	0													
Recording 23	P03-J1	main_driving	2	main_driving	11250	169302	5360	315	17	200	4.76401	11	107.12	37.02	231.16	72.64	2.23	0.61	6.68	24.58	4178	266.37	55.43	40.82	1.42
Recording 63	P06-M1	main_driving	1	main_driving	16560	219554	2304	384	6	200	3.32404	6	145.64	45.9	348.52	129.39	4.33	1.22	9.96	25.99	551	187.36	348.52	198.58	9.96
Recording 63	P06-M1	main_driving	2	main_driving	24825	246823	6301	180	35	140	3.62907	21	95.45	30.75	438.43	105.64	2.92	0.51	14.17	61.33	4608	269.96	31.59	31.59	1.91
Recording 230	P37-D1	main_driving	1	main_driving	54268	209780	25186	840	30	150	3.90746	20	116.35	30.58	268.17	72.32	3.62	0.64	8.25	72.35	1132	231.83	56.41	53.83	1.49
Recording 22 (2)	P05-M2	main_driving	1	main_driving	13725	252288	5700	380	15	90	3.50225	12	113.11	33.17	389.65	102.25	3.73	0.8	17.49	44.72	5680	15.59	59.53	42.31	1.71
Recording 383	P44-D1	main_driving	1	main_driving	67392	208865	38710	425	91	100	4.14303	66	118.89	30.92	310.75	79.8	3.66	0.55	13.29	241.62	150	247.95	35.26	35.26	2.88
Recording 282	P42-M1	main_driving	1	main_driving	441	250891	0		0			0													
Recording 282	P42-M1	main_driving	2	main_driving	25897	257974	8355	178	47	60	4.92008	20	140.04	30.54	329.81	92.7	4.26	0.9	15.99	85.12	431	260.98	85.65	66.97	2.51
Recording 198	P26-J1	main_driving	1	main_driving	12543	266358	962	321	3	220	4.32098	6	81.53	35.42	182.12	62.47	2.29	0.78	5.7	13.74	7013	319.12	35.42	35.38	2.56
Recording 272	P24-P1	main_driving	1	main_driving	571	186282	0		0			0													
Recording 272	P24-P1	main_driving	2	main_driving	5520	198895	291	145	2	70	4.85131	1	30.59	30.59	30.59		1	1	1	1	5249	249.09	30.59	30.59	1
Recording 272	P24-P1	main_driving	3	main_driving	14747	210857	7574	399	19	190	4.66792	15	61.17	33.29	124.96	29.22	2	0.56	3.41	29.95	1623	73.5	37.74	37.74	0.56
Recording 292	P40-J1	main_driving	1	main_driving	19595	178242	7784	599	13	110	3.3886	13	82.3	30.61	141.22	39	3.44	0.52	5.83	44.78	4338	294.53	35.18	35.18	3.45
Recording 261	P22-D1	main_driving	1	main_driving	50041	215831	31747	305	104	922	3.78859	73	65.15	30.13	327.59	49.22	1.7	0.21	6.75	123.86	140	128.82	31.78	31.78	0.7
Recording 249	P16-W1	main_driving	1	main_driving	16430	238154	6903	187	37	90	4.51307	14	71.84	30.83	228.96	59.94	1.99	0.71	5.94	27.92	2845	144.98	45.99	42.03	0.95
